I,Q,label
-5.343170790086895217e-01,-2.372396918875054883e-01,0.000000000000000000e+00
1.180406985990293922e+00,-1.463776939326649318e+00,1.000000000000000000e+00
-1.154402402571448105e+00,-9.293655257421957749e-01,0.000000000000000000e+00
-1.365311670407590272e+00,-2.595957285682717330e-01,0.000000000000000000e+00
-1.154750065366256795e-01,-1.409912937547801004e+00,0.000000000000000000e+00
-1.513721976481700038e-01,-4.983889244127412965e-01,1.000000000000000000e+00
-7.624649895235781072e-01,-5.564169555087177255e-01,0.000000000000000000e+00
-1.502408896294452845e+00,-1.475012622972335041e+00,0.000000000000000000e+00
-7.025732170381776553e-01,-1.151834814613077684e+00,0.000000000000000000e+00
4.801623311576469488e-01,-8.639001453216983428e-01,1.000000000000000000e+00
-1.239005281588566376e+00,-1.246514854006095296e+00,0.000000000000000000e+00
-6.450472510413197691e-01,-9.181056944660741514e-01,0.000000000000000000e+00
-3.493876278528242896e-01,-1.737646157414383108e+00,0.000000000000000000e+00
-1.472252152265080216e+00,-5.364867005461940730e-01,0.000000000000000000e+00
8.713520728870645105e-01,-1.549568379773724525e+00,1.000000000000000000e+00
7.038092086399228009e-02,-1.117487794349019348e+00,0.000000000000000000e+00
1.294843658929182073e+00,-1.141565870790393289e+00,1.000000000000000000e+00
1.735569029338262403e+00,-2.976546902738455014e-01,1.000000000000000000e+00
5.807129926577320189e-01,-6.895396360182699524e-01,1.000000000000000000e+00
-3.825070921046954120e-01,-4.910093327292742726e-01,0.000000000000000000e+00
2.227333366072165033e-01,-8.322993814962280634e-01,1.000000000000000000e+00
-1.759828234724752916e-01,-2.054694854707005636e+00,0.000000000000000000e+00
1.135658105643811977e-01,-2.194941200375498003e+00,1.000000000000000000e+00
5.704916496749898869e-01,-8.165539835974665595e-01,1.000000000000000000e+00
1.456373592945282791e+00,-1.138277721285560151e+00,1.000000000000000000e+00
1.519502839682914663e+00,-1.865375840602893298e+00,1.000000000000000000e+00
-1.464961527803085861e-01,-1.203098960943757012e+00,1.000000000000000000e+00
8.972277913669224336e-01,-1.191672485542494275e+00,1.000000000000000000e+00
-3.285259831226695626e-01,-1.219885131251841948e+00,1.000000000000000000e+00
5.296031664484213142e-02,-8.404888370804284303e-01,1.000000000000000000e+00
-5.218959438488450786e-01,-1.645265004659126173e+00,0.000000000000000000e+00
-9.621285255656160107e-01,-1.704931872439924501e+00,0.000000000000000000e+00
6.738555182606827954e-01,-6.977539512448285297e-01,1.000000000000000000e+00
2.123320437294968777e-01,-9.233018537365255130e-01,1.000000000000000000e+00
4.400662577110483475e-01,-1.571761527626619692e+00,1.000000000000000000e+00
-7.587102468745481332e-01,-1.692946272705135646e+00,0.000000000000000000e+00
4.283704142236777201e-01,-1.774264057789872062e+00,1.000000000000000000e+00
2.771674995609254566e-01,-1.157693335509584198e+00,0.000000000000000000e+00
-1.055057820893561926e+00,-1.068335156128337626e+00,0.000000000000000000e+00
-7.613590917426841242e-01,-1.285809911262060012e+00,0.000000000000000000e+00
-3.981117168755565761e-01,-7.965712564717960520e-01,0.000000000000000000e+00
-9.704456407025329190e-01,-1.463234231817788666e+00,0.000000000000000000e+00
5.676692183214466780e-01,-2.326285693863240134e+00,1.000000000000000000e+00
-5.240046420200739075e-02,-4.918879777731853808e-01,1.000000000000000000e+00
1.527678923647910469e+00,-1.299843131273636931e+00,1.000000000000000000e+00
9.934735484251520088e-01,-1.019700034223679719e+00,1.000000000000000000e+00
2.244635471124887705e+00,-6.155376557781593316e-01,1.000000000000000000e+00
-7.691538626376523968e-01,-1.653095331795661593e+00,0.000000000000000000e+00
-9.802809323151751020e-02,-1.073593293561836193e+00,1.000000000000000000e+00
3.270196942551170660e-01,-1.886451966294284688e+00,1.000000000000000000e+00
-1.028481509018532414e+00,-1.716099113302646195e+00,0.000000000000000000e+00
1.548765884433551232e+00,-7.345052330207224589e-01,1.000000000000000000e+00
-7.091813875555779134e-01,-4.353530420504356790e-01,0.000000000000000000e+00
7.438792207210779273e-01,-1.605967212159579605e+00,1.000000000000000000e+00
5.636697173755944590e-02,-9.058700896531193258e-01,0.000000000000000000e+00
1.865719897340405442e-01,-1.270494450537251740e+00,1.000000000000000000e+00
2.673859402048901490e-01,-1.866724976977615746e+00,1.000000000000000000e+00
-2.421062931314484912e-01,-2.206167912603833603e-01,0.000000000000000000e+00
-1.404478853806839789e+00,-8.938404931501631179e-01,0.000000000000000000e+00
-1.030516351458182545e+00,-1.418887803377796519e+00,0.000000000000000000e+00
-1.001392029016703766e+00,-1.607320496335356674e+00,0.000000000000000000e+00
-6.809342529248556541e-01,-1.590800169700967492e+00,0.000000000000000000e+00
-5.699666540073498044e-01,-1.200444166220017150e+00,0.000000000000000000e+00
-8.246690903304740861e-01,-1.629106942516247436e+00,0.000000000000000000e+00
-9.935807321814356108e-01,-7.976294985825705952e-01,0.000000000000000000e+00
9.556536607094591185e-01,-1.664102733894723185e+00,1.000000000000000000e+00
7.548612196118816842e-01,-7.996315498095531993e-01,1.000000000000000000e+00
-1.539897707457955178e+00,-9.036450153054811363e-01,0.000000000000000000e+00
3.738831874243453979e-01,-8.900257771988679956e-01,1.000000000000000000e+00
3.235654886260103114e-01,-2.077766161827707236e+00,1.000000000000000000e+00
-1.085761520443125905e-01,-1.151282638164756733e+00,1.000000000000000000e+00
8.350563177580097030e-01,-1.627483424047651894e+00,1.000000000000000000e+00
-3.858988375085822264e-01,-2.006085142629928431e+00,0.000000000000000000e+00
6.721551675736104903e-01,-1.780833211376676051e+00,1.000000000000000000e+00
-1.031113120798348826e+00,-1.151625775837241683e+00,0.000000000000000000e+00
2.749883842552925395e-01,-1.367602883610360420e+00,1.000000000000000000e+00
1.208341471504489117e+00,-1.463771046257022146e+00,1.000000000000000000e+00
1.123041122929839597e+00,-1.740178538824256771e+00,1.000000000000000000e+00
-4.402929779396277943e-01,-4.545408011664984205e-01,0.000000000000000000e+00
-5.306271831663759153e-01,-1.573772739230686168e+00,1.000000000000000000e+00
-4.166590033069991761e-01,-1.276847804516944906e+00,0.000000000000000000e+00
8.907680035829231846e-01,-1.477317704853358116e+00,1.000000000000000000e+00
-6.619001731608191719e-01,-1.253163729191488329e+00,0.000000000000000000e+00
1.289086097727172309e+00,-1.048114689844841241e+00,1.000000000000000000e+00
-5.363937358596680971e-01,-1.381263594556682239e+00,0.000000000000000000e+00
-9.489981789335160123e-01,-1.391604205405259087e+00,0.000000000000000000e+00
9.024211380864171073e-01,-1.385817351905579198e+00,1.000000000000000000e+00
-5.603076384490627282e-01,-1.376247121727292022e-01,0.000000000000000000e+00
1.140757418613114860e+00,-1.338336877579368256e+00,1.000000000000000000e+00
1.305802027979241053e+00,-1.379362798006223301e+00,1.000000000000000000e+00
-3.138672006916581880e-01,-1.679368266954149647e+00,1.000000000000000000e+00
-2.302008936156590968e-01,-1.351081853516101994e+00,1.000000000000000000e+00
7.144042564920446425e-01,-3.371064553578063672e-01,1.000000000000000000e+00
8.686587537793500902e-01,-1.284875375899879879e+00,1.000000000000000000e+00
1.119897857489013271e+00,-2.280892765999390281e+00,1.000000000000000000e+00
8.230023459515517503e-01,-7.898925145519642976e-01,1.000000000000000000e+00
-3.409805599265203213e-02,-6.034480898919831748e-01,1.000000000000000000e+00
8.744432706444758008e-01,-1.382969068445848437e+00,1.000000000000000000e+00
1.021585999950411106e+00,-3.997868259324977025e-02,1.000000000000000000e+00
-6.142619393680216477e-01,-1.051214818345280522e+00,0.000000000000000000e+00
-9.348755166673912154e-01,-1.600247296227844451e+00,0.000000000000000000e+00
1.120362975169391540e+00,-1.603367024449881217e+00,1.000000000000000000e+00
7.409781855069649259e-01,-1.414153834878006055e+00,1.000000000000000000e+00
9.446849797704646168e-01,-1.008494058851973518e+00,1.000000000000000000e+00
1.223965039026218449e+00,-1.430333310922821344e+00,1.000000000000000000e+00
5.702575992505831692e-01,-1.664706969386601454e+00,1.000000000000000000e+00
4.830484368592129485e-01,-9.866748649730215925e-01,1.000000000000000000e+00
1.083689375219944573e+00,-1.636407773584260372e+00,1.000000000000000000e+00
1.139998026950098886e+00,-4.975061820929722600e-01,1.000000000000000000e+00
-4.984776152854187847e-01,-2.369272052164156372e-01,0.000000000000000000e+00
3.183004673454822298e-01,-1.797652463151156343e+00,1.000000000000000000e+00
-1.594555191349408485e+00,-4.273029557508570830e-01,0.000000000000000000e+00
1.032377895074297669e+00,-1.203117446950675351e+00,1.000000000000000000e+00
8.451793800571788529e-01,-1.738069635144635861e+00,1.000000000000000000e+00
5.176809229111439814e-01,-1.110714520507834813e+00,0.000000000000000000e+00
7.598924641997152341e-01,-8.124417995461017394e-01,1.000000000000000000e+00
-4.646904510289125989e-01,-1.063383099355882822e+00,0.000000000000000000e+00
3.099578391746127815e-01,-9.395909329274498845e-01,1.000000000000000000e+00
1.646207315134785576e+00,-5.026150884179588774e-01,1.000000000000000000e+00
9.139824642242933006e-02,-1.430932949711041235e+00,0.000000000000000000e+00
2.103926567679783033e-01,-1.238218571545271818e+00,1.000000000000000000e+00
-6.773326107529218376e-01,-6.282293522599743385e-01,0.000000000000000000e+00
-1.410372479601409434e-01,-4.105499517651408636e-01,1.000000000000000000e+00
-7.841990161867639086e-01,-1.388765646469158677e+00,0.000000000000000000e+00
-1.211247254527352935e+00,-2.002753447428333278e+00,0.000000000000000000e+00
1.116780358878226131e+00,-1.138666127901245773e+00,1.000000000000000000e+00
6.021461702674180128e-02,-1.822864497527255878e+00,1.000000000000000000e+00
-8.730874165423332389e-01,-3.408143488507521246e-01,0.000000000000000000e+00
5.753993912154663493e-01,-1.926896588054500814e+00,1.000000000000000000e+00
5.823235348542965539e-01,-1.311686896369282929e+00,1.000000000000000000e+00
-6.432482545735170865e-01,-1.202472544754353834e+00,1.000000000000000000e+00
-8.206623320016082079e-01,-8.272219290887394827e-01,0.000000000000000000e+00
2.192829805754034078e-01,-6.120425967215699092e-01,0.000000000000000000e+00
-8.396394121746844075e-01,-1.728588065866283774e+00,0.000000000000000000e+00
5.814848347276609930e-01,-1.145715894488204434e+00,0.000000000000000000e+00
-6.982304209407961260e-01,-1.187387655050450297e+00,0.000000000000000000e+00
-6.061526865133417541e-01,-1.247505317457419771e+00,0.000000000000000000e+00
-9.920260703373873223e-01,-1.448754582115644673e+00,0.000000000000000000e+00
-7.215717020052683228e-01,-1.447037497062331202e+00,0.000000000000000000e+00
-1.061617958235851367e+00,-1.122109997649500146e+00,0.000000000000000000e+00
5.777064581868410764e-01,-4.233286172041034190e-01,1.000000000000000000e+00
-2.030679971093775293e+00,-6.295716855342177176e-01,0.000000000000000000e+00
1.328237663146083269e+00,-2.212020227699522223e+00,1.000000000000000000e+00
5.338512698570943016e-01,-1.361045544493343362e+00,1.000000000000000000e+00
1.439219538358127437e-03,-1.564233455290885422e+00,1.000000000000000000e+00
-1.260482989630183681e+00,-2.991898897836372528e-01,0.000000000000000000e+00
-2.373558703235386091e-01,-5.395475639983692284e-01,0.000000000000000000e+00
-3.443590348756516151e-01,-1.739850997104063213e+00,0.000000000000000000e+00
-9.674552000371560156e-01,-9.306378308814895473e-01,0.000000000000000000e+00
9.413116245129604653e-02,-8.188258964092536285e-01,1.000000000000000000e+00
-8.253577659763366992e-01,-1.362735515270247388e+00,0.000000000000000000e+00
-3.497150827955234353e-01,-9.531934557524287532e-01,0.000000000000000000e+00
-8.856781498068091452e-01,-5.956602098133245704e-01,0.000000000000000000e+00
-1.245726730697217732e+00,-8.673573080233167865e-01,0.000000000000000000e+00
-4.086444379130773075e-01,-1.330098331152443691e+00,0.000000000000000000e+00
8.682615780183277066e-01,-1.800881899688099086e+00,1.000000000000000000e+00
-2.431815572938186842e-01,-1.267776179716943119e+00,0.000000000000000000e+00
4.438335566377489827e-01,-6.508204985770030815e-01,1.000000000000000000e+00
-1.057366912168648865e+00,-1.879555759677228544e+00,0.000000000000000000e+00
-7.311951986468312459e-02,-8.723201358226279067e-01,1.000000000000000000e+00
-1.345409743145410619e+00,-2.979280205032662776e-01,0.000000000000000000e+00
-1.746159770839130321e+00,-3.270969273504295005e-01,0.000000000000000000e+00
8.107038004985779311e-01,-1.223681667430643882e+00,1.000000000000000000e+00
4.327355234927938721e-01,-9.757570543194122870e-01,1.000000000000000000e+00
6.863777156848445138e-01,-6.236741704871869851e-01,1.000000000000000000e+00
-6.480812425662493270e-01,-1.100174230764509709e+00,0.000000000000000000e+00
5.233889607903408070e-01,-1.203797923355981458e+00,1.000000000000000000e+00
-5.512941824512396227e-01,-2.030409307823761278e+00,0.000000000000000000e+00
-1.379287777950125804e+00,-8.036930644840911686e-01,0.000000000000000000e+00
7.906277859612396153e-01,-1.267316779671787241e+00,1.000000000000000000e+00
7.144120334299652875e-01,-1.001534258814612111e+00,1.000000000000000000e+00
-9.750749070519499906e-01,-1.564477474196604989e+00,0.000000000000000000e+00
-6.072724393484284500e-01,-1.664511500302964686e+00,0.000000000000000000e+00
9.093214447545046042e-01,-2.026616913614367910e+00,1.000000000000000000e+00
1.219772885560090447e+00,-9.390263702889262154e-01,1.000000000000000000e+00
8.332099340542065136e-01,-6.839796195226908182e-01,1.000000000000000000e+00
1.275421553340191361e-01,-6.681400789863833900e-01,0.000000000000000000e+00
-1.625632182563091721e+00,-1.815113594863299262e+00,0.000000000000000000e+00
-1.017604355745108657e+00,-1.162279586390031705e+00,0.000000000000000000e+00
-4.463655566627076632e-01,-1.538197018072181343e+00,0.000000000000000000e+00
-6.118116846587300373e-01,-1.553016577672109877e+00,0.000000000000000000e+00
-1.010953968393243363e+00,-1.878655659919559628e+00,0.000000000000000000e+00
2.435784438418165943e-01,-1.851167414303614533e+00,1.000000000000000000e+00
-1.193131693385935499e+00,-6.485042131915288444e-01,0.000000000000000000e+00
-1.179894511313240635e+00,1.408659209232467902e-01,0.000000000000000000e+00
-4.585361164568245718e-01,-1.082907049648011544e+00,0.000000000000000000e+00
2.760161768066619614e-01,-8.251701717909520895e-01,1.000000000000000000e+00
-9.930139800161561503e-01,-1.114320204172767781e+00,0.000000000000000000e+00
5.748472022371281520e-01,-1.223355061357773499e+00,0.000000000000000000e+00
1.279831730040106752e+00,-1.526913324058391419e+00,1.000000000000000000e+00
-7.226893121457500513e-01,-2.899247936776936374e-01,0.000000000000000000e+00
-1.018678595791152830e+00,-2.691008324969842436e-01,0.000000000000000000e+00
-3.513190991695314680e-01,-1.456558499442582422e+00,0.000000000000000000e+00
-3.889911973695087122e-01,-6.890478866820837212e-01,0.000000000000000000e+00
-3.942900857886709742e-01,-1.960437471440676926e+00,0.000000000000000000e+00
3.416264789848344474e-01,-1.299084429271200047e+00,1.000000000000000000e+00
6.679783523472455631e-01,-8.649890627201086701e-01,1.000000000000000000e+00
7.940455673638956435e-01,-1.842997290850498349e+00,1.000000000000000000e+00
-5.150961413942876099e-01,-8.700322388535370877e-01,0.000000000000000000e+00
-4.252998429317492723e-01,-6.349347487181377092e-01,0.000000000000000000e+00
-2.882339896228171550e-01,-9.457350718812302937e-01,0.000000000000000000e+00
6.701122111679451709e-01,-2.005805578253443411e+00,1.000000000000000000e+00
-4.903859573309762299e-01,-1.071481267913892976e+00,0.000000000000000000e+00
-5.694056482995824009e-01,-1.813699399405603430e+00,0.000000000000000000e+00
1.646667966931375515e-01,-6.487486848289959473e-01,1.000000000000000000e+00
-7.249726438255966743e-01,-8.345747628091364501e-01,0.000000000000000000e+00
7.193542549624992732e-01,-1.160447041747575181e+00,1.000000000000000000e+00
1.174336969885267479e+00,-1.433347475604134669e+00,1.000000000000000000e+00
7.532554553677603959e-01,-1.406462755847968982e+00,1.000000000000000000e+00
-9.224431806134270051e-01,-1.329911173229768373e+00,0.000000000000000000e+00
-5.941281810804127650e-01,-1.414699422327187150e+00,0.000000000000000000e+00
-7.731700411050879129e-02,-1.622628762605200503e+00,0.000000000000000000e+00
-7.986308889779487608e-01,-1.395190640632536061e+00,0.000000000000000000e+00
1.829387527959724924e-02,-1.077047723239661359e+00,0.000000000000000000e+00
-1.892727971629517558e-01,-1.918105298013934590e+00,0.000000000000000000e+00
-5.716699339626397647e-01,-7.305097136837300775e-01,0.000000000000000000e+00
7.463370615349808057e-01,-6.425849239627721143e-01,1.000000000000000000e+00
-9.638392919474552123e-01,-4.706513914026586587e-01,0.000000000000000000e+00
1.854644128706893991e+00,-1.356744391715277276e+00,1.000000000000000000e+00
-9.279463275976550518e-01,-4.486328729365981483e-01,0.000000000000000000e+00
8.459100596808699635e-02,-1.436755125072082695e+00,0.000000000000000000e+00
-9.152884754451977578e-01,-1.316217415925702294e+00,0.000000000000000000e+00
3.296981138013022061e-02,-1.634651084737546833e+00,1.000000000000000000e+00
2.031246835212348056e-01,-1.559223894047511827e+00,1.000000000000000000e+00
6.878526232038781885e-01,-1.058217745227187256e+00,1.000000000000000000e+00
1.480445313304307176e+00,-1.674502131864843202e+00,1.000000000000000000e+00
-2.130338676589773050e-01,-1.282319533608203166e+00,0.000000000000000000e+00
6.804632120710523147e-01,-8.379153654121458406e-01,1.000000000000000000e+00
-1.266556077678418379e+00,-9.841202384034233308e-01,0.000000000000000000e+00
-6.219689627907410978e-01,-9.290994794913740584e-01,0.000000000000000000e+00
8.497793888511777638e-01,5.232495845999940443e-02,1.000000000000000000e+00
3.863250747716107658e-01,-1.440823588996356541e+00,1.000000000000000000e+00
3.936248036848865595e-01,-1.453063671075575103e+00,1.000000000000000000e+00
3.865015032440098919e-01,-5.808168459416718221e-01,1.000000000000000000e+00
1.415447190892196172e+00,-1.460698258370185965e+00,1.000000000000000000e+00
2.890172803451543926e-01,-9.396173333022457275e-01,1.000000000000000000e+00
4.290835447567831196e-01,-8.588592026176923300e-01,1.000000000000000000e+00
8.066565773229186220e-01,-1.933197168994063686e+00,1.000000000000000000e+00
6.855753376776163588e-02,-2.773862749476877498e-01,0.000000000000000000e+00
3.988007216550756295e-01,-1.369175891463439765e+00,1.000000000000000000e+00
8.481277622597211963e-01,-1.008096716501935219e+00,1.000000000000000000e+00
-3.759229305608539629e-01,-1.702228421122737867e-01,0.000000000000000000e+00
6.167214531502440700e-01,-1.574473733764674588e+00,1.000000000000000000e+00
-1.394854680904532795e+00,-1.540790131466408086e+00,0.000000000000000000e+00
-7.217585533341677184e-01,-2.780461797365547660e-01,0.000000000000000000e+00
4.463894173791830289e-01,-1.063431135675998451e+00,1.000000000000000000e+00
-7.134065149336452638e-01,-5.811284747714066112e-01,0.000000000000000000e+00
5.582711460395416436e-01,-1.440759497955608870e+00,0.000000000000000000e+00
-9.499147881563803075e-01,-6.532446729609125979e-01,0.000000000000000000e+00
-3.642493220841134804e-01,-2.519714486274318155e-01,0.000000000000000000e+00
9.971591595602506963e-01,-1.354971156888977513e+00,1.000000000000000000e+00
-4.098676515511145424e-01,-6.209733212039947325e-01,0.000000000000000000e+00
1.115436157495950820e+00,-9.216880959417987906e-01,1.000000000000000000e+00
-1.718577221026922341e-01,-5.906773162726122184e-01,0.000000000000000000e+00
-1.411557137850560917e-02,-8.509701677006272780e-01,0.000000000000000000e+00
-7.887541070556963740e-01,-1.101968268278787244e+00,0.000000000000000000e+00
-1.019405836430907764e-01,-1.583792946989066586e+00,0.000000000000000000e+00
8.895317213337192719e-01,-1.371994517659127943e+00,1.000000000000000000e+00
7.195674783646774930e-01,-5.360991801917983635e-01,1.000000000000000000e+00
-6.096455328873174873e-01,-1.152106837417374186e+00,0.000000000000000000e+00
-1.385123137387228809e+00,-8.021983284818382520e-01,0.000000000000000000e+00
1.027937157467806450e+00,-9.369774984271761475e-02,1.000000000000000000e+00
-8.590841843737695438e-01,-1.065749947663479080e+00,0.000000000000000000e+00
-5.805032250418915574e-01,-3.865984716137114141e-01,0.000000000000000000e+00
-7.528428330907452892e-01,-1.035814348610279101e+00,0.000000000000000000e+00
1.009143321755538336e+00,-1.082020549917268593e+00,1.000000000000000000e+00
4.819782596220045789e-01,-1.078280115046293952e+00,1.000000000000000000e+00
1.242010941827154769e+00,-1.688582761200977833e+00,1.000000000000000000e+00
-6.387102298238311882e-01,-1.525385518965035159e+00,0.000000000000000000e+00
-1.076717524348479449e-01,-1.936918563887335853e+00,0.000000000000000000e+00
4.257341432614745735e-01,-9.867191739631873126e-01,1.000000000000000000e+00
1.487957081514438951e+00,-1.208200242031941540e+00,1.000000000000000000e+00
4.275953035506695477e-01,-2.347465767751526489e-01,1.000000000000000000e+00
-1.881188331085326126e-02,-2.274728089805488906e+00,1.000000000000000000e+00
-4.851878418706029872e-01,-1.426352223671754071e+00,0.000000000000000000e+00
1.945786583319121243e-01,-8.211468878457710563e-01,1.000000000000000000e+00
-5.832947100116697703e-01,-1.457364426863812845e+00,0.000000000000000000e+00
6.504286756182153795e-02,-7.390964473553753855e-01,1.000000000000000000e+00
-3.800944779179387112e-01,-1.224913043385140066e+00,0.000000000000000000e+00
1.628513564921101775e+00,-1.710367494658524112e+00,1.000000000000000000e+00
-5.756751856510067267e-02,-1.521279146436069984e+00,1.000000000000000000e+00
6.824020587195198662e-01,-1.053655386834101870e+00,1.000000000000000000e+00
5.845770379691037633e-01,-9.992974132382993480e-01,1.000000000000000000e+00
-1.330964778992491215e+00,-4.534428094588188740e-01,0.000000000000000000e+00
6.641194777009843397e-01,-6.166771957013839067e-01,1.000000000000000000e+00
-5.338323937084170634e-01,-9.469485019185566177e-01,0.000000000000000000e+00
-4.203114267811672300e-01,-9.514708314867911243e-01,0.000000000000000000e+00
-3.838336869634972337e-01,-5.107488464292329056e-01,0.000000000000000000e+00
-6.069344820465341073e-01,-8.208232327011923957e-01,0.000000000000000000e+00
6.603272197536553811e-01,-4.552665037707113171e-01,1.000000000000000000e+00
-1.043391217926904035e+00,-2.748548950400407920e-01,0.000000000000000000e+00
-7.252740422194409176e-01,-1.890712662554472789e+00,0.000000000000000000e+00
-6.411428594418745464e-01,-1.515850940232889021e+00,0.000000000000000000e+00
1.125516841391630773e+00,-1.501637101146643172e+00,1.000000000000000000e+00
4.821033502898788847e-01,-2.120095476968213433e+00,1.000000000000000000e+00
4.790419072727303829e-01,-2.387264774809926049e+00,1.000000000000000000e+00
-8.675634484559291426e-02,-7.951177834232989738e-01,1.000000000000000000e+00
-3.122949875718530888e-01,-9.625963306029662325e-01,0.000000000000000000e+00
-1.188683138461875677e+00,-1.199180789566438587e+00,0.000000000000000000e+00
7.033937973519844844e-01,-1.754507456091719098e+00,1.000000000000000000e+00
4.650408398630612172e-02,-7.366439662076129657e-01,0.000000000000000000e+00
-8.156771538121011522e-01,-1.161882191998183211e+00,0.000000000000000000e+00
-6.010036629234929428e-01,-2.196192545707593702e+00,0.000000000000000000e+00
5.816063756369702631e-01,-1.516317235494347049e+00,1.000000000000000000e+00
2.043850619498109866e-01,-1.315875257938425191e+00,1.000000000000000000e+00
1.936481965274921002e-01,-8.549036808619436822e-01,0.000000000000000000e+00
4.196055720058703420e-01,-8.890337208173684225e-01,1.000000000000000000e+00
1.404872785190269813e+00,-7.130082700390633077e-01,1.000000000000000000e+00
7.350102518573558008e-01,-1.498793500348234664e+00,1.000000000000000000e+00
1.054306723704063753e+00,-9.785824187845728606e-01,1.000000000000000000e+00
1.152791676911134822e+00,-8.577392106544630135e-01,1.000000000000000000e+00
-1.804187092376016155e-01,-1.442942717275732534e+00,0.000000000000000000e+00
1.363892099714431705e+00,-1.076525309149247933e+00,1.000000000000000000e+00
3.324353694153635574e-01,-1.519919020540232424e+00,0.000000000000000000e+00
1.627868346853554860e-01,-1.076369719764124655e+00,0.000000000000000000e+00
3.794860650900445664e-01,-1.417268028522608470e+00,1.000000000000000000e+00
-8.653687209944292968e-01,-9.632421382944904575e-01,0.000000000000000000e+00
-4.437773228795193758e-01,-1.462175113464738052e+00,0.000000000000000000e+00
-7.173723630277606400e-01,-1.041899321895167763e-01,0.000000000000000000e+00
1.568966651947624413e+00,-9.571632766584317054e-01,1.000000000000000000e+00
7.241968059813689296e-01,-1.115309448136317050e+00,1.000000000000000000e+00
-3.984360805320608656e-01,-1.686721394094651494e+00,0.000000000000000000e+00
5.765067981855962476e-01,-2.009617148434242218e+00,1.000000000000000000e+00
9.048066281999083138e-01,-8.517271416440772569e-01,1.000000000000000000e+00
4.636018357475817364e-01,-3.883317298504312953e-01,1.000000000000000000e+00
9.231223539609811901e-02,-1.907512551600357931e+00,1.000000000000000000e+00
-5.929691576172831935e-01,-6.517759601893713395e-01,0.000000000000000000e+00
1.367687788316651609e-01,-1.404767242929918503e+00,0.000000000000000000e+00
1.244535483612916549e+00,-1.194579346245801421e+00,1.000000000000000000e+00
6.188814169268589405e-01,-7.334951427521114731e-01,1.000000000000000000e+00
-3.790336276905593715e-01,-1.963521189987573301e+00,0.000000000000000000e+00
3.307510796567869615e-02,-4.852794344217228328e-01,0.000000000000000000e+00
3.924137161425040321e-01,-9.774233447767431970e-01,1.000000000000000000e+00
-4.581799737558998054e-01,-1.044988228583495049e+00,0.000000000000000000e+00
4.300424899745586838e-01,-1.511136795464473437e+00,1.000000000000000000e+00
6.924180314015461191e-01,-5.889606018657653763e-01,1.000000000000000000e+00
-4.333949896000530155e-01,-1.360632277538501578e+00,0.000000000000000000e+00
-3.193457115730968243e-01,-2.599596421810486113e+00,0.000000000000000000e+00
1.279577917083320582e+00,-2.045182000884497420e+00,1.000000000000000000e+00
5.239745961957026354e-01,-1.735160058808519645e+00,1.000000000000000000e+00
-1.352535804757722060e+00,-5.949117178061889000e-01,0.000000000000000000e+00
4.713444662413230901e-01,-1.002073170630089827e+00,1.000000000000000000e+00
-7.286553563368611819e-01,-9.368046978838878713e-01,0.000000000000000000e+00
7.436060124273964345e-01,-1.816821223589732526e+00,1.000000000000000000e+00
-2.070616571736991762e-01,-1.422203403076104822e+00,0.000000000000000000e+00
-1.483486016227144599e+00,-1.389382691978404916e+00,0.000000000000000000e+00
4.518482841988624710e-02,-7.502142404387022179e-01,0.000000000000000000e+00
5.308689996933391164e-01,-1.349953963654662026e+00,1.000000000000000000e+00
5.443775412885774045e-01,-1.369511197150272697e-01,1.000000000000000000e+00
-5.142273407814925701e-01,-9.603042878999137333e-01,0.000000000000000000e+00
1.220336793913189943e+00,-1.055930531982191001e+00,1.000000000000000000e+00
-8.347161398076207162e-01,-1.273500036037937821e+00,0.000000000000000000e+00
-7.409956966043012017e-01,-1.193936229750369504e+00,0.000000000000000000e+00
1.069009838715758720e+00,-1.149352168591798007e+00,1.000000000000000000e+00
1.071515105505058241e+00,-1.215683401549738862e+00,1.000000000000000000e+00
-6.658774717392238474e-01,-2.174425453761502425e+00,0.000000000000000000e+00
1.163358904248509518e+00,-1.002080873546451478e+00,1.000000000000000000e+00
1.204200121827094794e+00,-2.623452800592292355e+00,1.000000000000000000e+00
3.389922854930945695e-01,-1.245119925573035413e+00,0.000000000000000000e+00
-1.511036585285109313e-01,-1.695278075058213929e+00,0.000000000000000000e+00
1.011582019428553636e+00,-1.702032893082275677e+00,1.000000000000000000e+00
-1.017079547245171689e+00,-2.183094345620555377e-01,0.000000000000000000e+00
-8.005362672789424483e-01,-1.066608674905587195e+00,0.000000000000000000e+00
1.140228932241645898e+00,-9.274841675091454185e-01,1.000000000000000000e+00
-6.299856143254809471e-01,-9.928446102623358360e-01,0.000000000000000000e+00
4.965127257218683310e-01,-1.204134510012241366e+00,0.000000000000000000e+00
8.057445902547525352e-01,-6.499979134916417101e-01,1.000000000000000000e+00
1.257958033376260776e+00,-5.818099587152576468e-01,1.000000000000000000e+00
-3.858299558826768783e-01,-1.746827567860690378e+00,0.000000000000000000e+00
1.115206992532787877e-01,-1.748497808004792597e+00,0.000000000000000000e+00
8.565127995167853836e-01,-1.552463036505126626e+00,1.000000000000000000e+00
6.731258936007724625e-01,-1.010943906343707566e+00,1.000000000000000000e+00
8.658736746224052760e-01,-9.643647343778053438e-01,1.000000000000000000e+00
1.512050701426592259e+00,-9.485579607384577727e-01,1.000000000000000000e+00
-8.272733845425934707e-01,-6.932815273512700216e-01,0.000000000000000000e+00
1.299930311359589030e+00,-1.789129019063943948e+00,1.000000000000000000e+00
1.003895101822197766e+00,-8.247387403399986106e-01,1.000000000000000000e+00
-8.539768185772651510e-01,-4.874717048396388641e-01,0.000000000000000000e+00
6.301672733810054217e-01,-1.112536884759676603e+00,1.000000000000000000e+00
-7.917309790392039748e-01,-1.167535587704714883e+00,0.000000000000000000e+00
1.570575234496678352e-01,-1.895350552792594900e+00,1.000000000000000000e+00
1.502447598509754734e+00,-1.598805785654611622e+00,1.000000000000000000e+00
2.094988921691151584e-01,-2.252020168297304892e+00,1.000000000000000000e+00
-1.024675940742020286e+00,-1.836870008199197768e+00,0.000000000000000000e+00
1.158125131709153433e-01,-6.704165668241315323e-01,0.000000000000000000e+00
3.611198943084068524e-01,-4.910720882329333570e-02,1.000000000000000000e+00
-2.143123234014720491e-01,-1.337740803249759747e+00,0.000000000000000000e+00
-1.954897924334055848e+00,-2.985382520007773266e-02,0.000000000000000000e+00
-1.399981300279067309e+00,-1.998024484973894399e+00,0.000000000000000000e+00
-1.939098508924490538e-01,4.455109167418780380e-02,0.000000000000000000e+00
-1.305865764201008528e-02,-8.933705514692688032e-01,0.000000000000000000e+00
-4.078178960646262063e-01,-7.486173321052946861e-01,0.000000000000000000e+00
1.084659361790651255e+00,-1.034729399510759817e+00,1.000000000000000000e+00
7.572956188732067329e-01,-1.206621675445208819e+00,1.000000000000000000e+00
-1.082177361330607379e+00,-1.315662649928835748e+00,0.000000000000000000e+00
-1.412833402004239902e-01,-1.224494924892822745e+00,1.000000000000000000e+00
2.108995133218100060e-01,-1.727119770103333174e+00,1.000000000000000000e+00
7.951421424740079402e-01,-4.793239683231480530e-01,1.000000000000000000e+00
1.164353369898425195e+00,-1.960575413307036108e+00,1.000000000000000000e+00
-1.200009135182438014e+00,-7.049395175013406512e-01,0.000000000000000000e+00
2.139513701281139380e-01,-1.287641686493959936e+00,1.000000000000000000e+00
9.802211164095446794e-01,-1.659497338927265364e+00,1.000000000000000000e+00
-6.525073138242892812e-01,-1.842337858954550711e+00,0.000000000000000000e+00
-1.005878888872876020e+00,-1.015434144424180118e+00,0.000000000000000000e+00
-9.130179986856590268e-02,-9.550877425152481948e-01,1.000000000000000000e+00
6.953761674339281607e-01,-8.990801342868738333e-01,1.000000000000000000e+00
8.171521339295995112e-01,-4.932548965085256087e-01,1.000000000000000000e+00
7.678073182212223902e-01,-1.390027882058074260e+00,1.000000000000000000e+00
7.663438184134105935e-01,-9.036760969772537067e-01,1.000000000000000000e+00
7.296251020601208781e-01,-1.155029265893506629e+00,1.000000000000000000e+00
-1.056190910800646865e+00,-1.506775570270922682e+00,0.000000000000000000e+00
3.892430997421980621e-03,-3.005367399019780450e-01,1.000000000000000000e+00
8.326344920162620511e-02,-1.521777710393401373e+00,1.000000000000000000e+00
-1.064398699681867955e+00,-7.278629230232279701e-01,0.000000000000000000e+00
-8.526699060432830768e-01,-5.514540751585816913e-01,0.000000000000000000e+00
-1.041940379019203444e+00,-1.035828030383547649e+00,0.000000000000000000e+00
-1.122868593527147851e+00,-1.027505476087544611e-01,0.000000000000000000e+00
1.113958573825123421e-01,-1.020414756381933907e+00,1.000000000000000000e+00
1.022083507363317878e+00,-9.684255627696986002e-01,1.000000000000000000e+00
6.125512374584145547e-01,-1.240235461362160896e+00,1.000000000000000000e+00
7.271008028868235495e-01,-1.248826112309691982e+00,1.000000000000000000e+00
1.187134625294723467e+00,-7.006361069977207201e-02,1.000000000000000000e+00
4.264491743933519485e-01,-1.860226601284986625e+00,1.000000000000000000e+00
-7.493360910728965596e-01,1.145295573317106630e-01,0.000000000000000000e+00
3.033577829124033398e-01,-3.557667087734139866e-01,1.000000000000000000e+00
1.336553401409511510e-01,-1.452119232349445843e+00,0.000000000000000000e+00
-4.207035273046315083e-01,-3.611267999311795762e-01,0.000000000000000000e+00
5.156311964035251716e-01,-1.277115291546628617e+00,1.000000000000000000e+00
-9.960355238715909998e-01,-1.682703476841882040e+00,0.000000000000000000e+00
3.805562943642651907e-01,-1.787295244876575984e+00,1.000000000000000000e+00
-6.881533327676561118e-01,-1.560311727024769501e+00,0.000000000000000000e+00
8.220880227926425921e-01,-1.953272934597261479e+00,1.000000000000000000e+00
-5.397549507900406551e-01,-7.585606306909862262e-01,0.000000000000000000e+00
-2.916727543884589657e-01,-9.882968265716616241e-01,1.000000000000000000e+00
1.319029563133914840e+00,-1.780145620841050436e+00,1.000000000000000000e+00
1.541481260316120316e+00,-9.658156068124250648e-01,1.000000000000000000e+00
3.526891390180643127e-01,-1.203209650324300828e+00,1.000000000000000000e+00
9.843585231581299944e-01,-1.137322415789241870e+00,1.000000000000000000e+00
-4.358170706740845946e-01,-1.635661908035131784e+00,0.000000000000000000e+00
-6.205146548792301875e-01,-1.882182359947938810e+00,0.000000000000000000e+00
-7.608080975716193795e-01,-1.627278932227843367e+00,0.000000000000000000e+00
3.374300956023854603e-01,-5.572785238902290272e-01,1.000000000000000000e+00
-1.595400066001346762e-01,-8.707560510418601574e-01,0.000000000000000000e+00
1.590386845609792488e-01,-1.333529336342848648e+00,1.000000000000000000e+00
1.311743916886860539e+00,-1.104466654675495318e+00,1.000000000000000000e+00
4.544697030935779258e-01,-9.786661917982626413e-01,0.000000000000000000e+00
-6.091705086522534174e-01,-1.329883343596699241e+00,0.000000000000000000e+00
7.719655192884098405e-01,-1.251560029685719666e+00,1.000000000000000000e+00
-3.511407285529739575e-01,-6.969739530981565734e-01,0.000000000000000000e+00
3.122003366432939964e-01,-1.840941588274336738e+00,1.000000000000000000e+00
-2.129076196543795430e-01,-9.213294480391758245e-01,1.000000000000000000e+00
1.535117638103319360e-01,-2.251770407971688925e+00,1.000000000000000000e+00
8.994843691627507631e-01,7.117464722094757335e-02,1.000000000000000000e+00
7.021596111273220586e-01,-7.560797242696267739e-01,1.000000000000000000e+00
-6.642803876234866234e-01,-1.224769938091019972e+00,0.000000000000000000e+00
-2.456568254033849041e-01,-1.320462383589774191e+00,0.000000000000000000e+00
8.388912239332202425e-01,-1.014476208397440793e+00,1.000000000000000000e+00
3.711498400757443639e-01,-6.793039367271862528e-01,1.000000000000000000e+00
-7.926749452449735056e-01,-1.553197691241871015e+00,0.000000000000000000e+00
-4.369401451120674129e-01,-1.624559102390967347e+00,0.000000000000000000e+00
7.192856455818328332e-01,-1.179884609817549501e+00,1.000000000000000000e+00
-1.622472839814801393e-01,-9.379759950554722447e-01,0.000000000000000000e+00
6.926815875246967735e-01,-7.664419618953042246e-01,1.000000000000000000e+00
-1.009129238861250499e-02,-8.964199583195174847e-01,0.000000000000000000e+00
7.103713768189590105e-01,-1.831243227670527496e+00,1.000000000000000000e+00
-1.237751898434955589e+00,-1.327937463672782314e+00,0.000000000000000000e+00
4.004389658176271682e-01,-1.268810762988170637e+00,1.000000000000000000e+00
-6.768701044487156482e-01,-9.104787343170832603e-01,0.000000000000000000e+00
-7.404444559268148485e-01,-9.320742895823476148e-01,0.000000000000000000e+00
7.374322743023288274e-01,-2.163058394672383145e+00,1.000000000000000000e+00
-1.174862763806646448e+00,-1.247368889356256449e+00,0.000000000000000000e+00
1.003476954767149598e-01,-8.753607464973454100e-01,1.000000000000000000e+00
6.018034927457949212e-02,-5.659441856467902765e-01,0.000000000000000000e+00
5.984736314321646988e-01,-4.299620430704717000e-01,1.000000000000000000e+00
-6.308613382962133809e-01,-1.343868097054468302e+00,0.000000000000000000e+00
3.984937351267988648e-01,-1.326559954739511937e+00,1.000000000000000000e+00
-8.992834761678836220e-01,-1.090117000307704753e+00,0.000000000000000000e+00
7.854820574222010077e-01,-1.173802101418740529e+00,1.000000000000000000e+00
-4.867259820240942281e-01,-5.800019741022779396e-01,0.000000000000000000e+00
1.179972134617930601e+00,-1.917774095720399474e+00,1.000000000000000000e+00
-5.717655005537086721e-01,-7.081651558758108589e-01,1.000000000000000000e+00
2.175571768955819607e-02,-1.287707812441789557e+00,1.000000000000000000e+00
-1.290251579926948944e+00,-2.076315330285458671e+00,0.000000000000000000e+00
9.759264309996626974e-01,-7.957475313441242371e-01,1.000000000000000000e+00
-9.934502672606289053e-01,-2.470846257567903770e+00,0.000000000000000000e+00
4.320728427710273656e-01,-9.794231087941744907e-01,1.000000000000000000e+00
-1.444650851284333459e+00,-1.083645151605870716e+00,0.000000000000000000e+00
6.975401423107709942e-01,-8.856793616949034664e-01,1.000000000000000000e+00
-6.454048826901925828e-01,-1.661859581936226293e+00,0.000000000000000000e+00
-1.069093160650235186e-01,-1.254589898008933613e+00,0.000000000000000000e+00
6.915427971423028231e-01,-1.641959091032045848e+00,1.000000000000000000e+00
-9.268361924930244022e-01,-1.617726468508899007e+00,0.000000000000000000e+00
-7.916680968589806522e-01,-3.194708714242768810e-01,0.000000000000000000e+00
1.924449543159056919e-02,-1.982105810433818283e+00,1.000000000000000000e+00
3.039009684953508650e-02,-1.279986950071381635e+00,0.000000000000000000e+00
-1.039731436227227412e+00,-6.553727677974103827e-01,0.000000000000000000e+00
-1.008002836765701238e+00,-2.623202547219805059e-01,0.000000000000000000e+00
1.044158002566903276e+00,-1.419280815568298992e+00,1.000000000000000000e+00
3.734590397354825564e-01,-1.478182572997117861e+00,0.000000000000000000e+00
1.076242752901922284e+00,-1.025678821292201670e+00,1.000000000000000000e+00
-5.432442219787014803e-02,-3.945695131320222648e-01,0.000000000000000000e+00
-6.891929923643859146e-01,-1.552034046668540279e+00,0.000000000000000000e+00
-4.752089954277110007e-01,-1.514182796371501549e+00,0.000000000000000000e+00
1.711888690660580359e+00,-1.107057445954078956e+00,1.000000000000000000e+00
-8.878558425533235043e-01,-1.082984958562994482e+00,0.000000000000000000e+00
-1.378758211662117539e+00,-1.661132130750774483e+00,0.000000000000000000e+00
1.305402020869481428e+00,-1.503772250981145531e+00,1.000000000000000000e+00
-1.228650558238238988e+00,-9.069987352318055196e-01,0.000000000000000000e+00
1.298047144228767102e+00,-8.158484561629143483e-01,1.000000000000000000e+00
1.203218909800176872e+00,-1.553722655780178208e+00,1.000000000000000000e+00
-1.416100400268191173e+00,-4.246582855177052362e-01,0.000000000000000000e+00
5.438551474762008953e-01,-1.300741619722971310e+00,1.000000000000000000e+00
-4.109799597274021998e-02,-8.972101067951185893e-01,0.000000000000000000e+00
9.331389529380725856e-01,-9.282393904490571224e-02,1.000000000000000000e+00
3.834359517071972423e-01,-7.114050474548291314e-01,1.000000000000000000e+00
-6.766885044487269685e-01,-1.041028972063820168e+00,0.000000000000000000e+00
1.469429280103534463e+00,-9.214072333506357904e-01,1.000000000000000000e+00
9.743431064220852145e-01,-6.390714428405466219e-01,1.000000000000000000e+00
5.227187021258260513e-01,-1.594929945164950791e+00,1.000000000000000000e+00
1.827904698867519606e-01,-2.158503406183448714e+00,1.000000000000000000e+00
1.733298631867429940e+00,-1.726929294356289279e+00,1.000000000000000000e+00
-8.158218786901552111e-01,-1.313731761439908885e+00,0.000000000000000000e+00
8.588984158018191373e-01,-7.674565052257993347e-01,1.000000000000000000e+00
-2.749583227173965083e-01,-1.466863830779917777e+00,0.000000000000000000e+00
6.216342100040630481e-01,-1.034035136251297837e+00,1.000000000000000000e+00
-8.295406299890427659e-01,-3.716523234854522961e-01,0.000000000000000000e+00
-4.597075910781435182e-01,-8.078862184705398741e-01,0.000000000000000000e+00
1.036635701230975037e+00,-5.885881827527852383e-01,1.000000000000000000e+00
7.957058462491222173e-01,-1.823741085473371104e+00,1.000000000000000000e+00
9.050390427735894860e-01,-1.501003558391362347e+00,1.000000000000000000e+00
-9.695034077721476073e-01,-8.821431021179020338e-01,0.000000000000000000e+00
1.324336602614086589e+00,-1.164689323127416909e+00,1.000000000000000000e+00
-5.507785605977872923e-01,-3.242176391778296418e-01,0.000000000000000000e+00
-5.848184771529850723e-01,1.255164455947488378e-01,0.000000000000000000e+00
-4.224402440814971071e-01,-2.055706491073357345e+00,0.000000000000000000e+00
1.081865877449534885e+00,-9.847459190540588381e-01,1.000000000000000000e+00
1.350071443938641647e+00,-8.387344358604684746e-01,1.000000000000000000e+00
-7.744230588891560796e-01,-1.787474229640131362e+00,0.000000000000000000e+00
-8.097066955402818511e-01,-1.600585338600098773e+00,0.000000000000000000e+00
4.149333419949073898e-01,-8.810359092851429708e-01,1.000000000000000000e+00
1.297571852784339397e-01,-9.779893465839580857e-01,0.000000000000000000e+00
1.072535358796765648e-01,-9.530237773853773575e-01,1.000000000000000000e+00
-1.068793235744436299e-01,-1.480216563655139650e+00,0.000000000000000000e+00
6.381864835608098696e-01,-1.167981014130849093e+00,1.000000000000000000e+00
-1.097644223438389188e+00,-8.511848945735190908e-01,0.000000000000000000e+00
6.447209925933780061e-01,-9.655588895419338069e-01,1.000000000000000000e+00
-1.148941155798319347e+00,-1.394054261657153848e+00,0.000000000000000000e+00
1.066385745811154528e+00,-1.361741687541331292e+00,1.000000000000000000e+00
1.568676992513971413e+00,-1.375143204302748945e+00,1.000000000000000000e+00
-5.928527040213262822e-01,-7.090296955589037164e-01,0.000000000000000000e+00
-1.414377933363784923e+00,-2.055729517485836766e+00,0.000000000000000000e+00
-5.763309038777864046e-02,-5.440330597818566760e-01,1.000000000000000000e+00
-9.811241398434925598e-01,1.037745313386775337e-01,0.000000000000000000e+00
4.230712675685744384e-01,-1.083049459896929134e+00,1.000000000000000000e+00
6.585990938666863581e-02,-1.722786674158871545e-01,0.000000000000000000e+00
1.735946855215467544e+00,-5.711419961988765115e-01,1.000000000000000000e+00
1.217226329802999940e+00,-8.790616368948561687e-01,1.000000000000000000e+00
1.094375604980587724e+00,-1.450917969659714313e+00,1.000000000000000000e+00
2.960956251861151522e-01,-1.177012340200923823e+00,1.000000000000000000e+00
6.201027556348045477e-01,-1.401939136159085386e+00,1.000000000000000000e+00
1.053388790625626292e+00,-6.976725072101923608e-01,1.000000000000000000e+00
-6.609916237513454584e-01,-4.365600709678176816e-01,0.000000000000000000e+00
-1.276039623964021708e+00,-1.272154841135307635e+00,0.000000000000000000e+00
-1.063606227198671705e+00,-2.108593420031978471e+00,0.000000000000000000e+00
6.638547239759191587e-01,-1.236198865687089476e+00,1.000000000000000000e+00
1.461919938518334128e+00,-8.599192692180589459e-01,1.000000000000000000e+00
1.931016547326662725e-01,-2.482788283283535735e-01,1.000000000000000000e+00
1.315711914659945192e+00,-8.842762597611397712e-01,1.000000000000000000e+00
-8.184371163221851875e-01,-1.655044729857188424e+00,0.000000000000000000e+00
-8.912984549327956918e-01,-6.309508016433555966e-01,0.000000000000000000e+00
1.647488219864573278e+00,-4.037033473593532040e-01,1.000000000000000000e+00
-9.496197777904062942e-01,-1.735133828139954204e+00,0.000000000000000000e+00
-6.347519434416671880e-01,-2.059544794276874313e+00,0.000000000000000000e+00
8.667789239896594999e-01,-1.249126404644782085e+00,1.000000000000000000e+00
-9.382133178313902810e-01,-1.972676645128846218e+00,0.000000000000000000e+00
9.619951201821270725e-01,-1.441675531326403359e+00,1.000000000000000000e+00
-1.290153484752413204e+00,-2.611456218136273044e+00,0.000000000000000000e+00
6.914376143719506151e-01,-2.891993131605756773e-01,1.000000000000000000e+00
1.535824674171203608e+00,-1.403873239788583582e+00,1.000000000000000000e+00
4.040890367163784691e-01,-9.409379834579358892e-01,1.000000000000000000e+00
2.060023473031230012e-01,-1.024429161585714620e+00,1.000000000000000000e+00
-3.221549277049240434e-01,-5.618584995532948101e-01,0.000000000000000000e+00
6.551180286572924061e-01,-1.277161986583930542e+00,1.000000000000000000e+00
2.662037735189882182e-01,-1.588765288515377794e+00,1.000000000000000000e+00
5.919556209465053342e-01,-9.916423580873586774e-01,1.000000000000000000e+00
-2.484027537806444696e-01,-1.576914586835620913e+00,0.000000000000000000e+00
1.451539351377029607e+00,-1.310886912016732131e+00,1.000000000000000000e+00
-7.158787140714872876e-01,-1.548930951069360296e+00,0.000000000000000000e+00
-5.069250632392020561e-01,-7.333024133149228518e-01,1.000000000000000000e+00
-3.367731183510525028e-01,-1.315988890054555327e+00,0.000000000000000000e+00
-6.716997082848332745e-01,-9.173555026433988235e-01,0.000000000000000000e+00
-7.607786154600260087e-02,-1.439851450168595060e+00,1.000000000000000000e+00
-3.080627270863556255e-01,-1.802469823080073308e+00,0.000000000000000000e+00
8.519740329805833845e-01,-1.853616013807150242e+00,1.000000000000000000e+00
9.384100581140318864e-01,-1.193145852644189597e+00,1.000000000000000000e+00
-1.023708410554859949e-01,-5.929554342668620359e-01,1.000000000000000000e+00
-1.072490855296293732e+00,-1.580451330002639043e+00,0.000000000000000000e+00
-6.049104682817977308e-01,-6.010064367810910024e-01,0.000000000000000000e+00
1.972841574080702598e-01,-1.144485186571461810e+00,1.000000000000000000e+00
9.196033170625552700e-01,-8.287723078638756791e-01,1.000000000000000000e+00
-6.169742892586566052e-01,-1.358839031037109679e+00,0.000000000000000000e+00
2.913999565729089025e-01,-1.132253169972260443e+00,1.000000000000000000e+00
1.691255609044652886e-01,-2.636000353242751615e+00,1.000000000000000000e+00
9.234749689761025948e-01,-7.233576909523500298e-01,1.000000000000000000e+00
-1.886661284668188276e+00,-1.680190463850417260e+00,0.000000000000000000e+00
-3.956179363946702998e-01,-1.465773766395992439e-01,0.000000000000000000e+00
-6.947982130595652395e-01,-1.539326582110015718e+00,0.000000000000000000e+00
6.137468463448486622e-01,-4.878869019213553093e-01,1.000000000000000000e+00
3.822129773350010917e-01,-1.574921114820574619e+00,1.000000000000000000e+00
4.638233058062525282e-01,-1.651989415624803836e+00,1.000000000000000000e+00
-6.438599088998714359e-01,-3.629858822606683022e-01,0.000000000000000000e+00
8.667347034552832508e-01,-1.301501862558591460e+00,1.000000000000000000e+00
5.592894324394966921e-01,-1.956920515843776354e+00,1.000000000000000000e+00
1.146749955470848237e+00,-1.214243710001848831e+00,1.000000000000000000e+00
6.149551101019559152e-01,4.212286724269826976e-01,1.000000000000000000e+00
-5.558186127144260080e-01,-1.551220636543040765e+00,0.000000000000000000e+00
-9.183738650000408121e-01,-6.011022568970711966e-01,0.000000000000000000e+00
7.618302721661509569e-01,-1.894464100654130956e+00,1.000000000000000000e+00
-2.455805996096674382e-01,-1.509397154264945584e+00,0.000000000000000000e+00
2.314538212115035964e-01,-6.353010786381243502e-01,0.000000000000000000e+00
4.815341190678931182e-01,-5.348169306278912627e-01,1.000000000000000000e+00
7.391228221609703608e-01,-7.489382739343379836e-01,1.000000000000000000e+00
-4.628286582500318325e-01,-1.598503438990885428e+00,0.000000000000000000e+00
3.834201507385377461e-01,-6.603447027048671147e-01,1.000000000000000000e+00
-8.725827329505395635e-01,-1.377149343116446989e+00,0.000000000000000000e+00
2.276337772225922595e-01,-9.635255786987171334e-01,1.000000000000000000e+00
3.260673927243032955e-01,-1.709091568622584933e+00,0.000000000000000000e+00
7.173047952336477628e-01,-4.692148337877330988e-01,1.000000000000000000e+00
-7.450157625201268008e-01,-9.491392133705816025e-01,0.000000000000000000e+00
-1.236391830970708927e+00,-9.611715628916243093e-01,0.000000000000000000e+00
-7.987671993995435482e-01,-6.824601136555170644e-01,0.000000000000000000e+00
1.298888092679644224e+00,1.194567095138592272e-01,1.000000000000000000e+00
-4.153784802904813556e-01,-1.012426953204365265e+00,0.000000000000000000e+00
-6.080029161086011324e-01,-1.351908257900792831e+00,0.000000000000000000e+00
8.744369886281142534e-01,-1.323025816564962431e+00,1.000000000000000000e+00
7.894255550320758985e-01,-5.165263436914678818e-01,1.000000000000000000e+00
-1.208466349537089757e+00,-6.053858309309259056e-01,0.000000000000000000e+00
-4.663753322733654727e-02,-1.234359374990988023e+00,0.000000000000000000e+00
-3.557323826070285522e-01,-1.479236105042663896e+00,1.000000000000000000e+00
1.353692340177823361e+00,-1.186759142644888687e+00,1.000000000000000000e+00
2.055439507498133533e-01,-1.427712572109556488e+00,1.000000000000000000e+00
1.125505080149545201e+00,-9.019583273947580082e-01,1.000000000000000000e+00
5.857290173124215515e-01,-1.358737317402791467e+00,1.000000000000000000e+00
-9.010741414191800747e-01,-1.636530203744699818e+00,0.000000000000000000e+00
1.512882911631989735e+00,-1.336485346101117688e+00,1.000000000000000000e+00
-9.661580648452094966e-02,-4.146670855342229345e-01,0.000000000000000000e+00
-2.060396178232890008e-01,-1.391135267854472835e+00,0.000000000000000000e+00
-5.033300217289644607e-01,-1.187422914690906772e+00,0.000000000000000000e+00
2.533441365322046668e-01,-1.013145470634646106e+00,1.000000000000000000e+00
-1.294714962477170328e+00,-5.814854172646667374e-01,0.000000000000000000e+00
-9.375037155464657213e-01,-1.074745283559028985e+00,0.000000000000000000e+00
8.468390026703398465e-01,-1.304777598347486300e+00,1.000000000000000000e+00
-4.118481661596318233e-01,-1.412776939806710708e+00,0.000000000000000000e+00
-2.695464181686471061e-01,-1.848314951618822866e+00,0.000000000000000000e+00
7.683848566704746252e-01,-2.058606119663053402e-01,1.000000000000000000e+00
-1.205360729200056547e+00,-1.514197596757874464e+00,0.000000000000000000e+00
-4.482411420678116820e-01,-1.085534220525649740e+00,0.000000000000000000e+00
-5.298800172604896108e-01,-9.307315464216168177e-01,0.000000000000000000e+00
1.022555801178153700e+00,-6.204751905173361282e-01,1.000000000000000000e+00
9.101043953615249871e-01,-1.295953938804718986e+00,1.000000000000000000e+00
1.041481917498634502e+00,-2.253841440478399072e-01,1.000000000000000000e+00
-7.715119400885559475e-01,-1.662589763830769396e+00,0.000000000000000000e+00
-1.516547322537827869e-01,-1.235515693472247767e+00,0.000000000000000000e+00
-3.811397061097493433e-01,-7.516142729202368589e-01,1.000000000000000000e+00
-9.728591598742305502e-01,-1.220591752647528949e+00,0.000000000000000000e+00
-5.392049016127619110e-01,-1.080075271605915432e+00,0.000000000000000000e+00
1.059920975466788429e+00,-1.393068296780369364e+00,1.000000000000000000e+00
9.617479659853100937e-01,-1.305098450287406342e+00,1.000000000000000000e+00
-3.357898264535176813e-01,-8.676413694889218986e-01,0.000000000000000000e+00
-1.172914417919566965e+00,-6.323340534079324726e-01,0.000000000000000000e+00
-9.731767894542932007e-01,-7.712962123548761095e-01,0.000000000000000000e+00
8.888387235979390288e-01,-2.562332730978864603e-01,1.000000000000000000e+00
5.934620757113426848e-01,-1.349983509554546490e+00,1.000000000000000000e+00
6.954852639534024883e-01,-1.326915002912585351e+00,1.000000000000000000e+00
1.105166017868293826e+00,-1.983480415713741785e+00,1.000000000000000000e+00
-1.232036276470446223e+00,-1.709226572285045265e+00,0.000000000000000000e+00
1.180348862884056604e+00,-3.200184252044850908e-01,1.000000000000000000e+00
6.529704576285330075e-01,-1.259735973090452932e+00,1.000000000000000000e+00
7.402211484538594455e-01,-5.943859601913524804e-01,1.000000000000000000e+00
2.415184998019817009e-01,-1.056140620128055208e+00,1.000000000000000000e+00
1.192793881788483557e+00,-9.247780265255250987e-01,1.000000000000000000e+00
-6.104042585978974866e-01,-6.748020652118780216e-01,0.000000000000000000e+00
-2.056811213396887883e+00,-8.363874517299947353e-01,0.000000000000000000e+00
3.781572253335568345e-01,-2.090641559923676063e+00,1.000000000000000000e+00
-4.495937671347788323e-01,-4.884958389139697488e-01,0.000000000000000000e+00
6.364708095834228363e-01,-6.988878378939782365e-01,1.000000000000000000e+00
1.511334195891591570e+00,-5.178678847034240418e-01,1.000000000000000000e+00
1.147871977884272754e-01,-8.042613659595024833e-01,0.000000000000000000e+00
-6.674782474464727722e-01,-1.976308017444032838e+00,0.000000000000000000e+00
5.821638228322945086e-01,-1.596948409153543524e+00,1.000000000000000000e+00
1.790666425646175508e+00,-1.263268017711616009e+00,1.000000000000000000e+00
7.667974702895116179e-01,-8.995824234752138882e-01,1.000000000000000000e+00
-6.833938437110422814e-01,-3.277995912800720779e-01,0.000000000000000000e+00
3.938703860300427628e-01,-1.078021383876826444e+00,1.000000000000000000e+00
3.339597740482446175e-01,-1.835336367105800726e+00,1.000000000000000000e+00
3.993105214446260320e-01,-1.193843510019653831e+00,1.000000000000000000e+00
-9.198461791558991685e-01,-1.521535601432376650e+00,0.000000000000000000e+00
2.036335061351812747e-03,-1.216877897809795162e+00,1.000000000000000000e+00
-4.716512011823237316e-02,-7.952971296506463617e-01,1.000000000000000000e+00
-6.639751904300175145e-01,-1.904100861227913999e+00,0.000000000000000000e+00
5.505905283723370180e-01,-1.551403314290739299e+00,1.000000000000000000e+00
8.647823221068589028e-01,-5.050998884838754366e-01,1.000000000000000000e+00
-1.642781301720141585e+00,-1.117812071921739925e+00,0.000000000000000000e+00
6.251286691139485985e-01,-8.396550732702148245e-01,1.000000000000000000e+00
-5.985967527784246123e-01,-1.551309777364858089e+00,0.000000000000000000e+00
-8.647220347305782928e-01,-1.573338039897193230e+00,0.000000000000000000e+00
1.243198636196567897e+00,-1.164669287159476596e+00,1.000000000000000000e+00
1.655790409773772343e+00,-1.205655518402758197e+00,1.000000000000000000e+00
3.509916834420373499e-01,-1.932182307801861398e+00,1.000000000000000000e+00
-1.963747712307037929e-01,-1.967393082998192710e+00,1.000000000000000000e+00
-5.716317413915275036e-01,-9.209625998804816804e-01,0.000000000000000000e+00
-8.540028411879796444e-02,-7.278059544573900475e-01,1.000000000000000000e+00
-9.467255927389889303e-01,-1.101928605502674019e+00,0.000000000000000000e+00
1.511305381024981020e+00,-7.269054535626817692e-01,1.000000000000000000e+00
5.709297429443526140e-01,-1.620921224203091482e+00,1.000000000000000000e+00
-3.707126337673837257e-01,-1.534901771116657709e+00,1.000000000000000000e+00
-8.107601863111164597e-01,-1.668914875071040527e+00,0.000000000000000000e+00
6.395665833511163800e-01,-1.136899170016063554e+00,1.000000000000000000e+00
5.927670759932294198e-01,-1.500326401907177587e+00,1.000000000000000000e+00
7.895224028806325789e-01,-9.543547867107431415e-01,1.000000000000000000e+00
1.599955281758457248e-01,-4.698589216223126863e-01,1.000000000000000000e+00
-7.544891330394000173e-01,-1.165900300023024805e+00,0.000000000000000000e+00
1.059302278525547258e+00,-1.058717045863696971e+00,1.000000000000000000e+00
-2.286267499406466341e-01,-1.031763028894536527e+00,0.000000000000000000e+00
-1.011413754217488137e+00,-9.945733488923977905e-01,0.000000000000000000e+00
-1.277058170557600070e+00,-1.121045258607187067e+00,0.000000000000000000e+00
-7.218100622194996152e-01,-1.279383540131718400e+00,0.000000000000000000e+00
-7.694638226167345163e-01,-2.116249634244268041e+00,0.000000000000000000e+00
-9.795575207677499341e-01,-1.128902660924891332e+00,0.000000000000000000e+00
7.851232628959688986e-01,-1.689162681958426671e+00,1.000000000000000000e+00
-7.234114646491884848e-02,-1.608412535602699034e+00,0.000000000000000000e+00
-2.204664666339007928e-01,-9.617279305596061478e-01,0.000000000000000000e+00
-1.028308721819170657e+00,-2.876696651906925917e-01,0.000000000000000000e+00
1.083766510190287136e-01,-7.157480246904469601e-01,1.000000000000000000e+00
1.205486225918757981e+00,-1.510635216033770156e+00,1.000000000000000000e+00
-8.962416865104794184e-03,-1.300348368794924880e+00,0.000000000000000000e+00
8.495418815371972299e-01,-1.045164192109837353e+00,1.000000000000000000e+00
-7.723494376325430455e-01,-7.699209749155575544e-01,0.000000000000000000e+00
-3.084507066211626958e-01,-2.049591098114539101e+00,0.000000000000000000e+00
1.357365188336344897e+00,-2.006571105513284881e+00,1.000000000000000000e+00
-1.889219647264405166e-01,-6.119725430816569389e-01,0.000000000000000000e+00
1.597118517896696233e-01,-1.380732255472740144e+00,1.000000000000000000e+00
1.523427326543008720e-01,-1.282785626639815435e+00,1.000000000000000000e+00
-8.592122089901398363e-01,-7.854948453607786263e-01,0.000000000000000000e+00
-5.004069383746501121e-02,-4.774832061004705697e-01,0.000000000000000000e+00
4.241110536081176829e-01,-1.279936048367711576e+00,1.000000000000000000e+00
-1.546914163007744314e+00,-1.578260144743542925e+00,0.000000000000000000e+00
-2.227692503485403930e-01,-3.675336997213327628e-01,0.000000000000000000e+00
-1.322369502837230204e+00,-1.471557241071895783e+00,0.000000000000000000e+00
6.919921884178051874e-01,-1.035244532085644265e+00,1.000000000000000000e+00
3.003933069364456698e-01,-9.632945892634028340e-01,1.000000000000000000e+00
-9.421147404327272490e-01,-1.182551246934588240e+00,0.000000000000000000e+00
9.783371908991185251e-01,-1.172113976589978845e+00,1.000000000000000000e+00
4.870021216339844305e-01,-1.230130013458363036e+00,1.000000000000000000e+00
6.610135872946010238e-01,-1.360330626436511592e+00,1.000000000000000000e+00
5.757970355637175297e-01,-3.760015262430892458e-01,1.000000000000000000e+00
9.856547908678880976e-01,-1.323065270510027869e+00,1.000000000000000000e+00
-3.567178646419013610e-01,-1.342234856373453633e+00,0.000000000000000000e+00
-1.186327481039485265e-01,-9.905040153964016492e-01,0.000000000000000000e+00
-7.588461388993836820e-01,-9.514666485903098270e-01,0.000000000000000000e+00
-8.024300913698090287e-02,-1.738708845950350357e+00,1.000000000000000000e+00
1.082325636977410355e-01,-1.103853564113594254e+00,1.000000000000000000e+00
1.610624328452767706e-01,-5.967503839913246289e-02,0.000000000000000000e+00
1.024220617617647378e+00,-9.249028740232192458e-01,1.000000000000000000e+00
-1.605723933973638662e+00,-1.446662011362459532e+00,0.000000000000000000e+00
-1.099086942851388748e+00,-1.485748910621006669e+00,0.000000000000000000e+00
-7.892669761896640157e-01,-1.411370400344012399e+00,0.000000000000000000e+00
-2.844548382906251227e-01,-8.013699834366807551e-01,1.000000000000000000e+00
1.688235540273654856e-01,-1.055701679439873031e+00,1.000000000000000000e+00
3.318462679777175461e-01,-1.635017407288660296e+00,0.000000000000000000e+00
-1.970338828270433940e+00,-1.318327222435504043e+00,0.000000000000000000e+00
-1.547152493979836452e-01,-1.961513843851516725e-01,0.000000000000000000e+00
-1.319969864123477610e+00,-9.269754998771877474e-01,0.000000000000000000e+00
4.725398385072420715e-01,-1.228299288647515475e+00,1.000000000000000000e+00
2.027366740405786238e+00,-1.926810275693024321e+00,1.000000000000000000e+00
-5.783252361499824357e-01,-9.414785256127320423e-01,0.000000000000000000e+00
-1.623019044275956224e-01,-1.126333534760000976e+00,0.000000000000000000e+00
8.592203366493198491e-01,-1.371149395206343158e+00,1.000000000000000000e+00
8.397585375198224344e-01,-1.346921249244152907e+00,1.000000000000000000e+00
-3.944091219692437700e-01,-1.360130279517265617e+00,0.000000000000000000e+00
-5.166448699461759775e-01,-1.189956518337937696e+00,0.000000000000000000e+00
-1.421699415111851161e-01,-1.201021973289691624e+00,0.000000000000000000e+00
-1.813211672061719737e-01,-5.443643611384518799e-01,1.000000000000000000e+00
2.523289164659592854e-01,-1.502208280819857578e+00,1.000000000000000000e+00
4.073644198755226875e-01,-4.881060649100390503e-01,1.000000000000000000e+00
-1.773032173886616825e+00,3.935491553345482618e-01,0.000000000000000000e+00
-1.771666623642432770e-01,-1.063705654430868730e+00,0.000000000000000000e+00
6.777480665891255640e-01,-1.032548074066619304e+00,1.000000000000000000e+00
9.657562810869378955e-01,-8.527173185204192096e-01,1.000000000000000000e+00
-4.273928338955449435e-01,-1.130534770867824168e+00,0.000000000000000000e+00
6.065258567436057069e-01,-1.250961753322203496e+00,1.000000000000000000e+00
6.077409267209282762e-01,-6.084400630619154482e-01,1.000000000000000000e+00
-4.084167057568382497e-01,-2.645519428827588726e+00,0.000000000000000000e+00
1.033145455162149284e+00,-1.077957014136060376e+00,1.000000000000000000e+00
-7.145494451202178965e-01,-1.369584338039891547e+00,0.000000000000000000e+00
-1.431387069042624471e-01,-7.015618804340196801e-01,0.000000000000000000e+00
-1.091633900809073854e+00,-9.717989679331811015e-01,0.000000000000000000e+00
-1.191023434167912232e+00,-1.865134193889913750e+00,0.000000000000000000e+00
-1.018553679192251815e+00,-7.441283753040692783e-01,0.000000000000000000e+00
-2.286325442092258520e-01,-9.187824014468021216e-01,0.000000000000000000e+00
-3.426471734732706165e-01,-9.172359679379693542e-01,0.000000000000000000e+00
3.844542692857926269e-01,-9.593638391584773384e-01,1.000000000000000000e+00
-3.049903042834280487e-01,-7.981794465886614676e-01,0.000000000000000000e+00
-1.107383811599477186e-01,-8.211731878949166674e-01,0.000000000000000000e+00
8.809191706680601364e-01,-6.402499923372340085e-01,1.000000000000000000e+00
6.919344372727387338e-01,-1.616262437109306616e+00,1.000000000000000000e+00
6.236615849253868138e-01,-1.547776433898672366e+00,1.000000000000000000e+00
-1.042784204384459956e+00,-1.247584446853207574e+00,0.000000000000000000e+00
3.089851063972881007e-01,-1.329305876314967882e+00,1.000000000000000000e+00
-1.652002400374162017e+00,-1.068678257808979293e+00,0.000000000000000000e+00
-7.045923292161571094e-01,-1.583869427029543919e+00,0.000000000000000000e+00
-3.755722326810666534e-01,-7.065400426821694113e-01,0.000000000000000000e+00
-1.508974999081756252e+00,-1.556687500778555666e+00,0.000000000000000000e+00
3.206238920036196260e-01,-1.645276662049879990e+00,1.000000000000000000e+00
1.119932487863142923e+00,-1.272238180881849479e+00,1.000000000000000000e+00
-8.374524875525746204e-01,-2.177256293698825118e+00,0.000000000000000000e+00
-3.874860517926559944e-01,-1.794954308922184882e+00,0.000000000000000000e+00
-6.752287517641050174e-01,-1.036636642516352680e+00,0.000000000000000000e+00
1.385524364816594245e+00,-1.829735311055003866e+00,1.000000000000000000e+00
-2.214951144807681960e+00,-1.083400339118601119e+00,0.000000000000000000e+00
1.950605238581576417e-01,-5.558519350257299374e-01,0.000000000000000000e+00
8.100247745345816597e-01,-1.421143204311471342e+00,1.000000000000000000e+00
1.108756365215923800e+00,-1.662098211347682097e+00,1.000000000000000000e+00
-4.670161822191595258e-01,-9.225900319121351778e-01,0.000000000000000000e+00
1.235300020646708630e+00,2.045049079600911313e-01,1.000000000000000000e+00
9.014030504866522575e-01,-1.429806924349197095e+00,1.000000000000000000e+00
-7.179822229932664168e-01,-2.059863063940007954e+00,0.000000000000000000e+00
3.578385013527396463e-01,-1.379966330551999798e+00,1.000000000000000000e+00
-9.672392658645654340e-01,-1.099147675478587605e+00,0.000000000000000000e+00
2.939851007061684562e-01,-6.148097778332120011e-01,1.000000000000000000e+00
-7.050915344381706307e-01,-1.179975272064755831e+00,0.000000000000000000e+00
-8.691424251537280821e-01,-1.097729769565959135e+00,0.000000000000000000e+00
-2.926459345634518372e-01,-1.608890219350898709e+00,0.000000000000000000e+00
3.761368223596404103e-01,-1.327188125883780101e+00,1.000000000000000000e+00
-1.378130528633876750e+00,-1.584954041356197552e+00,0.000000000000000000e+00
4.670846301249392263e-01,-7.381305211390839505e-01,1.000000000000000000e+00
-5.739144023963067553e-01,-1.078530155811676439e+00,0.000000000000000000e+00
-2.797460858132830852e-01,-1.244011005695146999e+00,0.000000000000000000e+00
9.004274918617135581e-01,-1.226935987961695895e+00,1.000000000000000000e+00
-5.725138921974549655e-01,-1.466704440301239698e+00,0.000000000000000000e+00
-1.924603646035483617e+00,-1.242464692588600705e+00,0.000000000000000000e+00
1.416569134947238684e+00,-7.122174103746514717e-01,1.000000000000000000e+00
-2.224963246016838370e-01,-5.572597505923396755e-01,0.000000000000000000e+00
-6.608662714165505214e-01,-1.076667257792650823e+00,0.000000000000000000e+00
-1.014021014614444383e+00,-1.333361539508973515e+00,0.000000000000000000e+00
-3.973094920116984063e-01,-5.733828929110404982e-01,0.000000000000000000e+00
6.354719290567689693e-01,-1.400419743921153426e+00,1.000000000000000000e+00
7.054590463255674404e-01,-8.747217370308902895e-01,1.000000000000000000e+00
-1.427122474964040100e+00,-2.323415588064067450e+00,0.000000000000000000e+00
4.299266421514769676e-01,-1.785681324452526919e+00,1.000000000000000000e+00
-9.592651657209245730e-01,-1.249215270904184383e+00,0.000000000000000000e+00
4.785708623857620747e-01,-4.490913442600750205e-01,1.000000000000000000e+00
-5.418226845961091609e-01,-1.025087931690034537e+00,0.000000000000000000e+00
-3.940914948755682157e-01,-1.744741670385833165e+00,0.000000000000000000e+00
-1.856391731871348538e-01,-1.213207254763178478e+00,0.000000000000000000e+00
-3.699547582766629095e-01,-1.711253728015526221e+00,0.000000000000000000e+00
-1.482074449905301350e+00,-7.663802824829342164e-01,0.000000000000000000e+00
-5.169903038485108571e-01,-1.626350888674203743e+00,0.000000000000000000e+00
2.703635262599215494e-01,-6.126077192880630129e-01,1.000000000000000000e+00
-1.299901013330932997e+00,-3.539886348674669003e-01,0.000000000000000000e+00
2.548846995733343723e-01,-8.561291486912562254e-01,1.000000000000000000e+00
-8.695043047717614382e-01,-8.737313959542770680e-01,0.000000000000000000e+00
4.331380658401724482e-01,-1.256721564531594781e+00,1.000000000000000000e+00
7.256546545951293448e-01,-1.676418839386184079e+00,1.000000000000000000e+00
1.075607239607331733e+00,-1.431931894731240273e+00,1.000000000000000000e+00
-8.194950245672785183e-01,-1.672499798799704784e+00,0.000000000000000000e+00
-1.986361896294924545e+00,-1.270838992795533029e+00,0.000000000000000000e+00
1.911502777703726785e+00,-7.830229675464357442e-01,1.000000000000000000e+00
-7.148252567644665101e-01,-1.306770526099582330e+00,0.000000000000000000e+00
7.164280133032919773e-01,-9.017655539078427429e-01,1.000000000000000000e+00
-1.295601474551691723e+00,-6.181642641610125555e-01,0.000000000000000000e+00
1.062885724617890659e+00,-8.162322486414804734e-01,1.000000000000000000e+00
9.244329363021324131e-01,-1.165516782648452709e+00,1.000000000000000000e+00
-3.687644489138592330e-01,-8.794180446247595873e-01,0.000000000000000000e+00
5.281747114267568710e-01,-1.462125997943898081e+00,1.000000000000000000e+00
-6.542669192662757816e-01,-4.008150357478549308e-01,0.000000000000000000e+00
8.564152907031830075e-02,-1.909087744371667839e+00,1.000000000000000000e+00
7.875754875155270840e-01,-1.149881260567438668e+00,1.000000000000000000e+00
-6.185242347120650797e-01,-1.053348512541198545e+00,0.000000000000000000e+00
-8.167961942146717558e-01,-4.303933921944075314e-01,0.000000000000000000e+00
-1.505647056135527073e+00,-1.589573623885571552e+00,0.000000000000000000e+00
6.535676868227450198e-01,-1.996919517072531347e+00,1.000000000000000000e+00
-7.931222691133047453e-01,-3.445900286314395045e-01,0.000000000000000000e+00
7.156383110452496643e-01,-1.059974658636106071e+00,1.000000000000000000e+00
7.511268431097861686e-02,-1.483505815515186566e+00,1.000000000000000000e+00
-8.927932570592376216e-01,-1.334182659873565546e+00,0.000000000000000000e+00
-6.437316939538484384e-02,-8.964795811328862829e-01,0.000000000000000000e+00
1.494660884287527525e-01,-1.052072722279445260e+00,1.000000000000000000e+00
9.543059411456613628e-01,-6.052505922348144773e-01,1.000000000000000000e+00
8.507527638691758654e-02,-1.682872207409382925e+00,0.000000000000000000e+00
-1.110623822502438296e+00,-1.804114040952756737e+00,0.000000000000000000e+00
-8.222049964507598396e-01,-9.421459242722813876e-01,0.000000000000000000e+00
-2.115278086027182480e-01,-1.213300623316710070e+00,0.000000000000000000e+00
-8.651188285246911303e-01,-1.099446115371078392e+00,0.000000000000000000e+00
2.876236160822572274e-01,-1.305557506480610197e-01,1.000000000000000000e+00
-9.863544666176060627e-02,-1.082954822047585530e+00,1.000000000000000000e+00
1.716998176512088303e+00,-1.171925189215448748e+00,1.000000000000000000e+00
6.101755493965215216e-01,-1.354047822900661391e+00,1.000000000000000000e+00
-7.953909077784730997e-01,-4.889008741571835293e-01,0.000000000000000000e+00
-1.811126022562022708e+00,-4.086082608472858535e-01,0.000000000000000000e+00
-1.417173643122341620e+00,-1.308651276112656081e+00,0.000000000000000000e+00
4.905728567479378244e-01,-8.810484766100878939e-01,1.000000000000000000e+00
-9.386710904460504601e-02,-9.442387784544763463e-01,1.000000000000000000e+00
3.069597447461570594e-01,-1.856912113791853836e+00,0.000000000000000000e+00
-6.103419830920713274e-01,-1.506316200393753135e+00,0.000000000000000000e+00
9.181386699937865714e-01,-1.165751222787571706e+00,1.000000000000000000e+00
3.844516123751139380e-01,-9.313889690599107540e-01,1.000000000000000000e+00
1.969789879961023615e-01,-1.270777007359098043e+00,0.000000000000000000e+00
-3.453160958231782374e-01,-1.821961590431030453e+00,0.000000000000000000e+00
2.269768784882643664e-01,-9.391219725552590880e-01,1.000000000000000000e+00
3.686294737071327265e-02,-9.975184371026186714e-01,0.000000000000000000e+00
-8.617240821588463273e-01,-1.175679408783771640e+00,0.000000000000000000e+00
-1.330398933882127821e+00,-8.730674483177651712e-01,0.000000000000000000e+00
1.146361598058973197e+00,-1.401370277911987872e+00,1.000000000000000000e+00
4.701739930175179993e-01,-1.042385996669423553e+00,1.000000000000000000e+00
4.868351988769710204e-01,-1.208391418808358875e+00,1.000000000000000000e+00
1.755055961480526339e+00,-1.298837961868446023e+00,1.000000000000000000e+00
5.260249908866576618e-01,-1.499096014313027414e+00,1.000000000000000000e+00
1.077291052647237013e+00,-1.265937198104499117e+00,1.000000000000000000e+00
3.805085477365557356e-01,-5.146730953589416790e-01,1.000000000000000000e+00
4.606435359549410080e-03,-1.475536894364801288e+00,0.000000000000000000e+00
-1.638465042577577302e+00,-6.715682665769875381e-01,0.000000000000000000e+00
-1.047509979777271116e+00,-7.800123119140642824e-01,0.000000000000000000e+00
-1.690246975753186831e+00,-7.290264423457939458e-01,0.000000000000000000e+00
-1.310781031537659791e+00,-8.099430519621864111e-01,0.000000000000000000e+00
-6.980585329790521820e-01,-1.652294821193771135e+00,0.000000000000000000e+00
-9.087132233606594056e-01,-8.321658830170981513e-01,0.000000000000000000e+00
7.581422934548858183e-01,-8.831186212592055940e-01,1.000000000000000000e+00
1.693415359155011402e+00,-1.957445917350973286e+00,1.000000000000000000e+00
1.034112205870427736e-01,-1.123147142733842196e+00,0.000000000000000000e+00
-1.154587091058833170e+00,-1.840481924364943511e+00,0.000000000000000000e+00
6.106348715087519530e-01,-7.145000555332180481e-01,1.000000000000000000e+00
-7.689696270860363336e-01,-4.197476463717748629e-01,0.000000000000000000e+00
-1.430782911923048628e+00,-1.181369585418475809e+00,0.000000000000000000e+00
7.899834469070921017e-02,-9.935091701829638078e-01,1.000000000000000000e+00
-2.617513718486190188e-01,-1.385706008335975348e+00,0.000000000000000000e+00
-5.969118614162983727e-01,-1.075851038097200396e+00,1.000000000000000000e+00
-4.868257910305144320e-01,-9.731777340145997268e-01,0.000000000000000000e+00
1.323086162808345900e+00,-1.710851951319972031e+00,1.000000000000000000e+00
1.045303119622493337e+00,-5.790713552564602518e-01,1.000000000000000000e+00
-1.840987251059896801e-01,-1.015499198535959158e+00,1.000000000000000000e+00
-9.572849824011049336e-01,-1.216086448046271640e+00,0.000000000000000000e+00
8.790333086664369189e-01,-1.418939393552223871e+00,1.000000000000000000e+00
-1.043049106478075139e+00,-1.158248902751436216e+00,0.000000000000000000e+00
-1.248818036328670500e+00,-1.718237675938041331e+00,0.000000000000000000e+00
-3.655084254190175130e-01,-1.749722129074776644e+00,0.000000000000000000e+00
-3.720388164426632338e-01,-9.440294650684730726e-01,0.000000000000000000e+00
-1.577082974980296148e-01,-1.514107437663275268e+00,1.000000000000000000e+00
1.302249768420955078e+00,-1.665907877065288645e+00,1.000000000000000000e+00
-9.373971980519629765e-01,-9.442946648695003109e-01,0.000000000000000000e+00
-3.134998122559714551e-01,-1.301094554517696400e+00,0.000000000000000000e+00
4.064399695514479549e-01,-4.641401806461938895e-01,1.000000000000000000e+00
1.642547650015202532e-01,-6.858960861045508839e-01,0.000000000000000000e+00
7.478541381797807475e-01,-1.579457972315911007e+00,1.000000000000000000e+00
-1.120417270175551927e+00,-9.140680588625698100e-01,0.000000000000000000e+00
-4.959959564529273224e-01,-4.745258150222338989e-01,0.000000000000000000e+00
1.030420113165338325e+00,-1.926865262375356824e+00,1.000000000000000000e+00
-1.792212580358099050e-01,-1.674355425152655119e+00,0.000000000000000000e+00
5.132094309210929461e-01,-1.050225008369600532e+00,1.000000000000000000e+00
2.926386779947129924e-01,3.796341665072318072e-01,0.000000000000000000e+00
-4.018335373291778145e-01,-1.266923420855642579e+00,0.000000000000000000e+00
-4.379422426569940519e-01,-7.314973985585305760e-01,0.000000000000000000e+00
5.448612541186729219e-01,-2.777194335392866309e-01,1.000000000000000000e+00
-5.901596873015682032e-01,-9.264535669497514503e-01,0.000000000000000000e+00
-3.722329408700384978e-01,-9.645318061882207639e-01,0.000000000000000000e+00
-2.857248166624630770e-01,-1.483951704768910140e+00,0.000000000000000000e+00
-9.843459438702844011e-01,-1.725402227981295944e+00,0.000000000000000000e+00
9.249456822073819362e-01,-7.858568597393906785e-01,1.000000000000000000e+00
9.340814999732116597e-01,-3.380788948216790768e-01,1.000000000000000000e+00
-7.079930763117924242e-01,-8.409542836991923398e-01,0.000000000000000000e+00
1.593446288276115785e-01,-1.368874962732648193e+00,1.000000000000000000e+00
-3.574261881143804276e-01,-7.507740561238765986e-01,0.000000000000000000e+00
-8.521785407293602788e-01,-1.211124737424482012e+00,0.000000000000000000e+00
-1.464131940237674012e+00,-1.353839711898753295e+00,0.000000000000000000e+00
1.150386648657161892e+00,-8.877226034421645817e-01,1.000000000000000000e+00
9.555279275878736378e-01,-1.150438267904967615e+00,1.000000000000000000e+00
7.087266462113569476e-01,-1.505485681232171302e+00,1.000000000000000000e+00
1.054609276998536238e+00,-9.648386393007528650e-01,1.000000000000000000e+00
9.512044908936683196e-01,-1.438342532829237852e+00,1.000000000000000000e+00
-3.714763930383534474e-01,-6.267487556185998843e-01,1.000000000000000000e+00
4.657763388930666881e-01,-1.606712993517008137e+00,1.000000000000000000e+00
1.051934522854265586e+00,-1.371331431455012462e+00,1.000000000000000000e+00
1.235163258920579654e+00,-8.668221367070989558e-01,1.000000000000000000e+00
-3.634104052970303922e-01,-1.858302967095715630e+00,0.000000000000000000e+00
1.311167059590468975e+00,-1.044699845878519717e+00,1.000000000000000000e+00
5.205564972741671959e-01,-1.103630877824322232e+00,1.000000000000000000e+00
-1.829225495518912448e-01,-9.709987057551122680e-01,1.000000000000000000e+00
1.905093128062329555e-01,-1.851660254417214935e+00,1.000000000000000000e+00
-5.598452621167682164e-02,-6.189809240004850999e-01,1.000000000000000000e+00
3.905633700508743811e-01,-4.084612565371981141e-01,1.000000000000000000e+00
4.372943353711198355e-01,-2.029004090291921081e+00,1.000000000000000000e+00
1.469328469229391754e-01,-5.574193014919783806e-01,1.000000000000000000e+00
6.272459779289349946e-01,-1.449468759740748069e+00,1.000000000000000000e+00
7.852041798236626402e-01,-9.244337434116751684e-01,1.000000000000000000e+00
1.263894474848499261e+00,-4.510754965489846002e-01,1.000000000000000000e+00
-8.850793897918121100e-01,-1.838348954536467739e+00,0.000000000000000000e+00
-9.119276474589071979e-01,-1.045184858204005529e+00,0.000000000000000000e+00
2.233156037919633019e-01,-1.653900568942969107e+00,1.000000000000000000e+00
8.770890076722114292e-01,-1.199651287280673273e+00,1.000000000000000000e+00
-6.887965691914759159e-01,-1.554572778845483283e+00,0.000000000000000000e+00
