I,Q
-3.431395678775422259e-02,6.755078762435001716e-02
-2.420268502887518158e-02,-7.562644826494378802e-02
8.800283230159768044e-02,-6.653525656654631082e-02
1.217805326524266374e-01,-1.088983866097343878e-01
1.160633430862469950e-01,-3.497072700616437463e-02
1.428593023538363149e-01,8.084926335237645895e-03
1.584188238404392601e-01,5.142928896616704229e-03
1.636559345742625848e-01,7.467095552994022951e-03
2.666156236149026526e-01,-7.055284155330408813e-02
1.695381639894513182e-01,4.015773713070110162e-02
1.924804257994088275e-01,1.198137591194989825e-02
1.993932505936351629e-01,3.665271407329992459e-02
3.367110120343262958e-01,-9.463810887950259432e-02
3.780545729813021283e-01,1.557454293988949461e-02
3.940011338743749092e-01,-5.938826199587635135e-02
4.402549649671582688e-01,-1.986616262756809442e-02
3.437100080813615399e-01,2.671824493181916907e-02
4.108426799491182169e-01,4.554680312795658485e-03
4.157865028611896219e-01,-4.257699898896594171e-02
5.109558184849143370e-01,3.136578092209142449e-04
5.056057651103277317e-01,-7.657676576218215569e-02
5.145176296340454591e-01,5.751336979491480927e-02
5.639224797056512362e-01,-1.026420097481256337e-02
5.827403510473168069e-01,5.592749721276629726e-02
5.272389434525081020e-01,-2.632658435480215303e-02
6.007789125661876506e-01,-2.617879942032914908e-02
5.965431937172241961e-01,-3.820933933189232801e-02
5.527391953426556981e-01,4.380869658465377098e-02
6.942380494229244414e-01,-3.547155786642379460e-02
7.143726865866335540e-01,3.222977162075882362e-02
7.119719241832814793e-01,-1.912261988346451377e-02
6.396470209465728862e-01,-9.879816499458099477e-02
7.665281387078568542e-01,-2.851570338932330612e-02
7.069530026439057036e-01,-5.895541071814241335e-02
8.975855496121277755e-01,1.695136184116875474e-03
7.737793955251883737e-01,-5.952038678372451042e-02
8.996421641202350106e-01,4.629875503573083889e-02
9.163308857902332516e-01,-4.553793017651361699e-03
8.704959249058782378e-01,-8.879799737936948378e-03
8.976481920604201248e-01,3.279460688937912982e-02
9.885737454811469593e-01,4.819534670379312796e-02
9.287804090732395546e-01,-1.004937588482582344e-03
9.798319139264837219e-01,-3.856001497746452955e-02
9.759256924263907118e-01,-8.869848080560648051e-02
9.552341568794883164e-01,-3.430248785175900317e-02
9.753891426666623232e-01,-3.086061233239808035e-02
1.121027004422127993e+00,5.352872649614838323e-03
1.084138389112454082e+00,-1.725734405690135947e-02
1.084615869545391798e+00,3.439664860257140439e-02
1.165412465331355563e+00,-3.064916356353447613e-02
1.229573425479162818e+00,-2.852058342647088417e-03
1.202292152338613196e+00,5.919937215984447110e-02
1.227700690205591805e+00,1.709126069774832488e-02
1.276271232068490136e+00,-3.001877084428225713e-03
1.181473621924762352e+00,-3.009722209675885427e-02
1.272132326015881443e+00,-3.166156983574885259e-02
1.323498655883854180e+00,-4.253066264759738924e-02
1.375626189679391320e+00,-2.705034328914496938e-02
1.279166081352504314e+00,3.778329193721573220e-02
1.349604301970737330e+00,-1.109441356461343675e-02
1.341589186966066549e+00,-6.748865346906156304e-02
1.396259850056668084e+00,8.840846465298918266e-02
1.443859848606289464e+00,1.599825955725815360e-02
1.539243226073819359e+00,-7.034717002565847588e-02
1.478719377124632528e+00,-2.209244636204119386e-02
1.496125347581071185e+00,5.544319141420893035e-03
1.577845361718549722e+00,8.522960466486885489e-02
1.536284240021146053e+00,-5.540562291294346547e-02
1.606474720192164085e+00,4.880203596779733588e-02
1.599200333085365022e+00,6.997432134861715503e-02
1.569326630481299167e+00,-3.143271525372851039e-02
1.584202810750611201e+00,-1.387568094301167357e-02
1.575772650485300685e+00,-5.181546236868851685e-02
1.684414996075698667e+00,-1.017305705401524464e-02
1.725426570066727505e+00,-1.829498717146558432e-03
1.795604525668032414e+00,3.298249990411852156e-02
1.789425121784142148e+00,5.450917355102233991e-02
1.834991448163803662e+00,-3.740480323108235500e-02
1.754791857593290816e+00,-9.836625321129972843e-02
1.722540699898923888e+00,-1.062238963812106368e-03
1.831084250426731064e+00,1.467687649843202671e-02
1.840753254543105122e+00,1.247088438425208307e-02
1.869212655832190872e+00,-1.633366237545219937e-02
1.917914628906568719e+00,6.237604983196725315e-03
1.927013762361338589e+00,7.577224041761237983e-02
1.971999397974239843e+00,1.908670844812546466e-02
1.975280210002592796e+00,-1.866842125015422127e-02
1.962280233799633677e+00,-2.500989085479978988e-02
2.019184026169025703e+00,-8.492617883886532590e-03
2.041110974830030678e+00,8.183699809153199833e-02
2.010395145395599492e+00,-9.165035476309865009e-03
2.070275523203182200e+00,-9.897172260353987155e-04
1.961318475061219591e+00,-2.411567854681515022e-02
2.101145131362123220e+00,5.494916787209824099e-02
2.026474685819528165e+00,9.799186273723375917e-02
2.141001914588446020e+00,2.253065247156941717e-02
2.107960969910851023e+00,4.138645189271287703e-03
2.180254820975139118e+00,1.839141658711739100e-03
2.146993854885388853e+00,-1.192153394392872906e-01
2.079434154229009568e+00,3.725754321424087218e-02
2.212214844066934472e+00,6.708320799792177186e-03
2.202609775083449684e+00,2.141710253303624745e-02
2.303546417939572155e+00,-3.557310970418524343e-02
2.266108127760603885e+00,-1.922284394885458159e-02
2.281131224758383702e+00,-2.055124682515865192e-02
2.217830766972327616e+00,5.108114920365194878e-02
2.261321780878029930e+00,-1.893799183015466847e-02
2.305664651588517966e+00,1.041330161054898895e-01
2.402228581618035985e+00,2.154312095075187200e-02
2.454125717037366261e+00,-6.378413299978658024e-02
2.326060285929543170e+00,-6.427314662597842856e-03
2.419662774946290895e+00,-3.258375610782078546e-02
2.274971203220057081e+00,-1.097191234910012136e-01
2.356857217084269873e+00,7.997354700568948260e-02
2.400054724255213490e+00,3.515712711100019844e-02
2.394892265025033939e+00,2.666036589496562775e-02
2.381243989484313150e+00,8.270183014985213119e-03
2.477303555231053167e+00,-6.910087843462188462e-02
2.456385186480352534e+00,-2.418085697777183629e-02
2.512783609086757242e+00,4.208903873920064043e-02
2.557978961187123090e+00,-5.256100148912513925e-02
2.553539018901704427e+00,-1.265884658125406848e-01
2.573357033590577991e+00,-1.135530038904630085e-02
2.531535940782651650e+00,-7.087877701376929865e-03
2.479843896847785167e+00,6.778170820735457923e-03
2.611496283879091607e+00,3.642593217572680925e-02
2.554739976807850255e+00,3.188029061156043287e-02
2.554577238085223190e+00,1.293849026219608123e-02
2.594697932475547919e+00,5.977656940433546950e-02
2.552101307027963450e+00,-7.594848904066574258e-02
2.576230809913132358e+00,2.522909072386951557e-02
2.626372765883711491e+00,3.132691816684712166e-02
2.646390931375115940e+00,-6.197811430401198307e-02
2.599468451264363988e+00,-7.514353043411947652e-02
2.623264721949603473e+00,-3.729710632378006874e-02
2.695869886817942263e+00,-3.307707212576459915e-02
2.663114661879513623e+00,3.767097317512153876e-02
2.747572117963832827e+00,-3.072693918455474821e-02
2.715929464051651365e+00,-4.281742591406020176e-02
2.725791981625325100e+00,-3.058168683472795718e-02
2.602058900442805189e+00,5.593161670771058802e-02
2.704590001377552788e+00,6.521687188476067189e-04
2.658091062103002500e+00,-8.962551267845590350e-03
2.633571491134164333e+00,-5.500274935052573873e-03
2.675945756094870731e+00,6.460301671632613651e-02
2.721314937271355205e+00,-3.745858633016209416e-02
2.699905143718067002e+00,6.577541454700519541e-02
2.625776995747050258e+00,1.052481494607518213e-02
2.700355958734874662e+00,-8.020969098767385952e-03
2.628216028551169536e+00,1.250450248967140687e-01
2.671536963031373446e+00,-5.278197448992982127e-02
2.646279588672724614e+00,-1.768428797835030347e-02
2.647771169912827904e+00,-6.162156195820001070e-02
2.690747942573139984e+00,4.762309852680847444e-02
2.593515304598488225e+00,8.445944668258395516e-02
2.737656111499338962e+00,8.349613907023195614e-02
2.545579242854347779e+00,6.119743765730023544e-02
2.601976114746104685e+00,-9.881023389798281389e-03
2.643111714408409085e+00,-1.826204887449232525e-02
2.645232181714269881e+00,-8.355848862470326155e-02
2.603417185091842612e+00,1.017936767590896380e-01
2.599565764892636022e+00,2.344890390742338654e-02
2.616509916808898328e+00,-2.459784524347415416e-02
2.575140456176088666e+00,6.640284444934838048e-02
2.644281176882111506e+00,-4.863822583800004457e-02
2.604638505524857983e+00,2.033110171113370473e-02
2.597400054312364759e+00,-8.631456714541733966e-03
2.499115910556533038e+00,3.193385699401504740e-02
2.535873186991271400e+00,-3.178676959306073451e-03
2.512524588448061369e+00,-7.254639455556120831e-02
2.460840851370140303e+00,3.778818633501891330e-03
2.513154423039829499e+00,5.244320709376810996e-02
2.457132357164514946e+00,-1.460820292699262224e-03
2.510089595926703776e+00,3.875575607945430656e-02
2.416267893184612880e+00,-5.227647428370266192e-02
2.542116937000094001e+00,-1.313039663492606996e-03
2.391665519566835929e+00,-3.122552275442887215e-02
2.427371995885045486e+00,3.734904200523549156e-02
2.441829511563634370e+00,1.574578113099788738e-03
2.366158772257586307e+00,3.450368381683063118e-02
2.430430140630042146e+00,5.438552130789330724e-02
2.312968039194682746e+00,3.458092875606941924e-02
2.425612706092039161e+00,1.365592171468221067e-02
2.330090774536208720e+00,-4.991061292557026630e-02
2.281844318656571780e+00,-1.393055333450619036e-04
2.287568299624438417e+00,-2.665452010079165726e-02
2.336796328378063059e+00,-1.720319783521133059e-02
2.255145835067821736e+00,-1.872670753751254358e-02
2.225398866285648758e+00,-4.899627873911222703e-02
2.225720675613248822e+00,-9.786692945669950294e-02
2.156654715860415017e+00,-3.340715241638834293e-02
2.295055871596522579e+00,9.668972596207954170e-03
2.169816530566363255e+00,-6.740885227137451141e-02
2.229768018154479226e+00,7.841118235812172092e-04
2.178594422934352348e+00,9.501342121554823272e-02
2.091852264437022768e+00,5.115282776261196457e-02
2.116430278042647384e+00,8.217707545602646879e-02
2.141603330290889673e+00,1.955639384663631145e-02
2.086671236274371566e+00,5.837549114932230609e-02
2.147900766798039651e+00,-3.619823652338937520e-02
2.121844422367079375e+00,-3.221701335109921488e-02
2.090307121485784680e+00,-1.369570103068736555e-01
1.994997241514328223e+00,5.930727370211495014e-02
1.946708565365991683e+00,7.701619899099430844e-02
1.962503522798698663e+00,-2.765886226736349873e-02
1.996861889010652646e+00,-1.269758531986175422e-02
2.000104505327166660e+00,-3.769310568454807553e-02
1.839960755188345454e+00,1.913267757387458051e-02
1.921117667256961870e+00,5.624662726516204553e-02
1.909594990463057362e+00,-8.713859869405204961e-02
1.878492468262117354e+00,2.047192653211261579e-02
1.951779888736286717e+00,-1.383358858595727138e-02
1.897418875213049416e+00,5.669719598334468057e-03
1.920868525463614640e+00,2.294970008371454914e-02
1.818474794813801143e+00,-9.410121938641057698e-03
1.854663575178399304e+00,-5.179342670289030851e-03
1.878176570114171939e+00,-1.069375837773194581e-02
1.856994320573989166e+00,4.851581008941407286e-02
1.728875880589159753e+00,2.093799800637483055e-02
1.753832491118568759e+00,1.102917688686803899e-02
1.725606042962008368e+00,-6.354758605461413579e-02
1.745498957750270419e+00,-1.892898716065771064e-02
1.742185309751274058e+00,4.493345801695871472e-02
1.660323743628385307e+00,1.884828656196145232e-03
1.699940647195393728e+00,3.297657347945692069e-02
1.582743859656486674e+00,8.832559001638168317e-02
1.735841824784681853e+00,5.193030346044083534e-02
1.617480027569554446e+00,4.657916884987117236e-03
1.631681293013304668e+00,-2.554945850978635608e-02
1.606817587369413491e+00,-1.276774798027949243e-01
1.675165577970409547e+00,-8.419246123642627408e-03
1.466963149653308429e+00,-1.630062479084245716e-02
1.592428249454039380e+00,1.951830971976878382e-02
1.570019072847804731e+00,-7.695261348734380030e-03
1.538576309753421745e+00,-1.601925297183971753e-02
1.640062081877957434e+00,-8.896994652536104053e-02
1.505366182975989897e+00,-4.699839145750332736e-02
1.582278891561931466e+00,2.383255204002787675e-02
1.550523324287707227e+00,8.579538155663472832e-02
1.581787415279267695e+00,-4.876269187281172257e-03
1.472922062170792135e+00,1.639055367870616634e-02
1.461803109315143789e+00,4.762390784764027052e-02
1.549070652160172479e+00,-4.054469681001249270e-02
1.511428835542883542e+00,1.834070216427211367e-02
1.406130625581479832e+00,-3.702450531660792660e-02
1.447130444782423586e+00,4.324122192455057134e-02
1.484077987802167264e+00,7.570152397586631283e-03
1.499553263767403388e+00,1.492259069907198900e-02
1.419224229769720180e+00,-3.912992987092945435e-02
1.304260063125002755e+00,3.535161798053924886e-02
1.472626902537640392e+00,1.042356460615508074e-01
1.381020568494020662e+00,-5.039558477141031084e-02
1.336123226517728302e+00,-1.698795038237619140e-02
1.290352806849833112e+00,1.158037370840459164e-02
1.468294735051544952e+00,3.932031059979082532e-02
1.430901315790497508e+00,-2.797731426447344627e-02
1.411726581207887854e+00,-1.416515145071370052e-01
1.492351211643091036e+00,6.795947470820125347e-02
1.454687242872806374e+00,3.802530597920713434e-02
1.502035572450676204e+00,-8.714737652433325599e-02
1.348190919457663561e+00,-3.037843958897779723e-02
1.412702639749976230e+00,7.840912147636630580e-02
1.332893223357231927e+00,7.238982092289329706e-02
1.405365217042546355e+00,4.693200113394723622e-02
1.409297745221551157e+00,-8.805621697993133365e-03
1.455954580976779988e+00,4.149370940625498813e-03
1.425661445861378329e+00,-6.546290256306325737e-03
1.451062801259002999e+00,5.641198916344188075e-02
1.454060879294994724e+00,-4.379212032475551103e-02
1.531493827330382196e+00,-4.028998274421023706e-02
1.417166335064052873e+00,5.051372934180078933e-02
1.393843011882574645e+00,-2.218072775578081978e-03
1.455328304397239148e+00,6.892336777269041093e-02
1.400006566096756666e+00,-3.357561034902728503e-02
1.512298333908123738e+00,-2.738918016941255165e-03
1.429119101669394043e+00,-4.612064924219766437e-02
1.427219082457614974e+00,3.681340711783567701e-04
1.444904900497276490e+00,-7.392734684993994276e-02
1.510900990478706740e+00,-2.438167104774814284e-02
1.465805046037487624e+00,-7.181269324640589258e-02
1.438717679367516267e+00,3.469616165956290743e-02
1.558056869717181270e+00,3.582946698798258195e-02
1.445626602487157131e+00,-8.651313652421725731e-02
1.507503921867065166e+00,6.669428727502864362e-02
1.549825722294916552e+00,1.248707563209927041e-01
1.437128589927294087e+00,2.300319336817047665e-03
1.539334513810416416e+00,-3.205571301123224387e-02
1.464594822709607946e+00,1.412165295501523199e-01
1.571876920032844849e+00,-6.594842491512553639e-02
1.502990548361898160e+00,1.005323343454919477e-03
1.602286715213495638e+00,8.981113631596171834e-03
1.628254357220158877e+00,6.725738102262072970e-02
1.613084916660667334e+00,1.798694875633942078e-02
1.582344104217543013e+00,-2.493169478942257322e-02
1.569839284798375090e+00,-4.755921851939780981e-02
1.574488963249391249e+00,-1.709109101230677982e-02
1.697934652313433102e+00,-5.034636804725720755e-02
1.599316663288026463e+00,2.391265989234147345e-03
1.581048731694706611e+00,-2.820980899302432884e-02
1.663937757387921712e+00,-7.470188966448752799e-02
1.599615452601904186e+00,6.275728941874518518e-02
1.613636353358356867e+00,-2.488362617145196964e-02
1.613583675648315729e+00,-6.340684024876562519e-02
1.676460349814811845e+00,-8.412956724377076631e-03
1.697798965050614228e+00,3.418578298382937957e-03
1.710604212978093175e+00,-8.732333627895168260e-02
1.751302771866783070e+00,1.658238335628814050e-02
1.749988397380787708e+00,-5.235787843451322754e-02
1.740891235011880367e+00,8.555144045953938514e-02
1.760148276421442670e+00,2.619802560383674081e-02
1.800602151705282594e+00,-1.999499950546582833e-02
1.835057523103210464e+00,-3.725838851586752570e-02
1.779534036947177489e+00,-5.248385378181197672e-03
1.766513058618863985e+00,3.063953707916448888e-02
1.767670476078926800e+00,-1.274706429259983044e-03
1.768812188122039109e+00,-1.085794035684283128e-02
1.883795979088927597e+00,2.918514540894782613e-03
1.876750716228487104e+00,-3.019294656184773329e-02
1.875493946612364571e+00,-1.716029634215188518e-02
1.852870072413292268e+00,-1.042896219452502105e-01
1.955883452979103820e+00,4.868631154261839067e-02
1.888141740030048199e+00,1.493988901608809573e-02
1.974133891094130622e+00,-3.867279220167151033e-02
1.924006859054468999e+00,9.493674906776194966e-02
1.892177526392668119e+00,4.350824019619327528e-03
1.960412851074215812e+00,-5.180717859875984266e-02
1.974861544839903615e+00,4.283687107352292245e-02
2.000677531955560084e+00,1.990241082546312379e-02
2.005288912897951636e+00,1.972899927421097044e-02
2.002062917245098550e+00,-2.128778023257952776e-02
2.119053639426881741e+00,2.252478618890173603e-02
2.062662832724482698e+00,-1.308791451105472715e-02
2.059312707329616465e+00,2.779707258229210942e-02
2.057250091989048624e+00,-9.524722270053194439e-02
2.124076029329879933e+00,-2.169367314895945600e-02
2.106112802246915106e+00,8.610775489040974062e-02
2.077457601725849479e+00,-3.835337277001502759e-02
2.060986532232000901e+00,-3.019191487465933132e-02
2.087160548558626427e+00,-2.239806692249875567e-02
1.959602221836042268e+00,-6.074030679443216674e-02
2.153253397631174071e+00,-1.104140388114126098e-01
2.128718443785176717e+00,-1.152931992618064228e-02
2.230100513532539352e+00,6.792971204082844452e-03
2.148590648431721650e+00,-2.625253426932608759e-03
2.098224324857031142e+00,-7.243928097394342763e-03
2.179077700365766646e+00,2.152043542519382468e-03
2.154994648690817360e+00,5.114207357753820793e-02
2.244999792316313858e+00,-9.522309296460839886e-03
2.235469711986775465e+00,-2.870412885436348163e-02
2.264250171526338562e+00,-1.405627424440431678e-02
2.182056178314635275e+00,2.896733798783878919e-02
2.243060792833092787e+00,7.060134392716248264e-02
2.198420770038298500e+00,-3.140718695845892000e-02
2.318622784385160340e+00,4.946689351444186027e-03
2.311853312923813686e+00,1.691787209679798329e-02
2.305583521903529665e+00,-4.962890033644114934e-02
2.281928521367197149e+00,1.020858360645906507e-03
2.317527968854920406e+00,-7.328369286710476049e-02
2.400401719893320518e+00,-8.845251518696994886e-02
2.324532589665816218e+00,1.833732039461285004e-02
2.350906636379079817e+00,-1.919373706653914116e-02
2.285022734594738036e+00,1.011402038106095670e-02
2.293710525416953416e+00,-8.947488504175027000e-04
2.351953412564534496e+00,-4.882000243318987409e-02
2.422468103875493828e+00,-2.262715098216823775e-03
2.373448980151902088e+00,-6.165506525074276184e-02
2.382089823794013572e+00,6.954861790007003941e-02
2.370101799939685172e+00,-6.779851724299819360e-02
2.359315194267445737e+00,-9.789263548429067222e-03
2.406027466355715294e+00,-5.211357940236242131e-02
2.332542221166110874e+00,2.852105866803977818e-02
2.489456467848372156e+00,-1.657156856407514256e-02
2.401424994425094717e+00,-2.593333598106050894e-02
2.468909393869834989e+00,4.266007725257772720e-02
2.363773204670719164e+00,1.471529583877609305e-03
2.461897308255925232e+00,2.583222229679836557e-02
2.473663579022627790e+00,-4.906629682587324015e-02
2.475062951032639180e+00,-7.024084719637534169e-02
2.416052479077127835e+00,5.360398102006683207e-03
2.477867745251148168e+00,-1.594231777473656061e-02
2.400396021711248107e+00,3.132173362269721067e-02
2.444951868183502519e+00,-3.995422633127485544e-03
2.516198902749580135e+00,1.025376696173149575e-02
2.517206980590538379e+00,-8.116912649706217731e-02
2.487563303026933070e+00,9.442184698071283411e-02
2.438748559223501644e+00,-8.212099251601594208e-03
2.514167503223077915e+00,3.487934851695995153e-02
2.478720324252771334e+00,-4.180458351098132602e-02
2.364852833622626882e+00,1.540049511086704660e-02
2.528987866063280521e+00,-6.514223817623726598e-02
2.496548808416839904e+00,2.260339191298355033e-02
2.558938235675129569e+00,-1.779870421929163893e-02
2.438875199030455576e+00,1.459525196778372388e-03
2.329345918800245663e+00,3.489870150650487696e-02
2.501965409857503264e+00,-6.162701556101401329e-02
2.507853093416002377e+00,-3.422458653063985279e-02
2.414320535518150290e+00,2.286621405433827622e-02
2.450535864235427130e+00,1.049110737273373506e-01
2.632311773912954234e+00,-6.904116733074088484e-03
2.473115266204459317e+00,2.955680589619662582e-02
2.522338861633870888e+00,-5.348573492924003393e-03
2.455129332071365411e+00,9.711227973781498546e-02
2.385958496386135774e+00,-8.736108334826278576e-02
2.481342299144614127e+00,4.731052233467900742e-03
2.471517112348270651e+00,-8.127720167810305318e-02
2.458270785835034555e+00,-1.253285785268358488e-01
2.468299062911809560e+00,1.487310265589082692e-02
2.486345115625073543e+00,6.974889807372943416e-03
2.465622568597165554e+00,-1.424184688711006841e-02
2.407499961439002245e+00,-5.309704501987658198e-03
2.489258641898794089e+00,1.549149717035628870e-01
2.360586136248193245e+00,-1.290875690157172045e-02
2.350300480866136965e+00,2.550621806250374587e-02
2.486868075109884391e+00,-3.246824098069404918e-02
2.472760228454335518e+00,1.476162875203015749e-02
2.440016735023228911e+00,-1.191168375278087686e-02
2.366143038296329326e+00,-2.052592413648650360e-02
2.393037496368343398e+00,9.094492661001624123e-02
2.409421646503172809e+00,5.885924815921694808e-02
2.338587560181003777e+00,6.837332369961534283e-03
2.377021318846721520e+00,-1.152105967971983475e-01
2.440032348105489302e+00,-1.805046116262848388e-02
2.470219419640075298e+00,1.351513782202541925e-01
2.369456717428084058e+00,-1.153308333198540744e-02
2.421830352059617830e+00,5.516087860268290705e-02
2.283448910168211388e+00,7.209712009763004359e-02
2.406523460592926433e+00,1.094819579279875457e-02
2.325144234103739826e+00,-4.209108159340761712e-02
2.370445038784181335e+00,-1.217656165891444209e-01
2.332970887986978603e+00,3.420816043044772742e-02
2.404270381326807371e+00,-4.073780014117740766e-02
2.289348911396124731e+00,8.807522594384607426e-03
2.358358834604106669e+00,-6.249101697946821132e-02
2.303759569888982561e+00,-1.326187702351011057e-02
2.298046605254854935e+00,1.685952745052662254e-03
2.285541789226641196e+00,1.342967905221489379e-02
2.244389671162563715e+00,-5.574110936762071561e-02
2.280555375948183361e+00,5.984554743806761584e-02
2.272096818669293139e+00,-2.984473923659856920e-02
2.277740093812877120e+00,-8.372347302266226754e-02
2.257099855753400774e+00,-5.451170998173190778e-03
2.280058718620284974e+00,1.718765451323004713e-03
2.277053109744155535e+00,8.029471658587989530e-03
2.172568181922898578e+00,6.810662018425396591e-02
2.262885214810440804e+00,-1.182244183679296949e-02
2.150964742583080014e+00,-5.980981218438567379e-03
2.226526328896029305e+00,-5.515921906165467681e-02
2.214217947685915622e+00,4.102767514439484980e-02
2.077020589395971673e+00,9.215453203905174182e-03
2.170828985929398325e+00,-2.100138636470812864e-02
2.137534478685014783e+00,-9.523373467327318764e-02
2.114775264378478514e+00,7.222060975275437777e-02
2.207535302384628917e+00,-6.138399822280286161e-02
2.092786758503994538e+00,-2.956390046848528241e-02
2.073225184687882638e+00,1.791722555380016388e-02
2.110022235124456635e+00,-5.982789643083433195e-02
2.135551356575636550e+00,-7.467548891265717026e-02
2.087147105340331876e+00,-1.061973791350332430e-01
2.140973077372182676e+00,3.604984764528178925e-02
2.094820823714239832e+00,-2.725931223631609945e-02
1.946508663472948042e+00,1.463635046236665127e-01
2.020584982646517425e+00,-4.971775328154367374e-02
2.013934681150065131e+00,-4.607255117144606893e-02
2.060158098561969631e+00,-2.826964851427007583e-02
1.895056906971602340e+00,1.215673275692445536e-02
2.140335593763587507e+00,-2.351016693926556711e-02
2.026277306375790399e+00,3.061661070012560229e-02
1.997822526935166154e+00,-4.892941949943271918e-02
2.044016170802499754e+00,-6.907958592317905988e-02
2.097237956299291550e+00,-8.991073697045537383e-02
2.015644736283711325e+00,-1.111787083968598377e-01
2.007865462716632798e+00,-2.590345097375284025e-02
1.954304672238327711e+00,-1.504901561966109740e-02
1.930707509640995356e+00,-3.157185137415916693e-02
1.907909605464306102e+00,6.217028985935810215e-02
1.886044992482684979e+00,6.140151048040675547e-02
1.886943982443237688e+00,-1.674014937222509380e-02
1.844368800239574391e+00,-8.969605565959815063e-02
1.896832097830249975e+00,-2.833525540275264043e-02
1.806388119218304444e+00,-2.999106969585307522e-02
1.893427218218212138e+00,-3.285674811390289912e-02
1.877784898622677057e+00,-3.488594519491224760e-02
1.882441324175343711e+00,-3.267314478624035873e-02
1.842120860719992592e+00,-1.932708079488798872e-02
2.012982046725917851e+00,-3.177705494077783660e-02
1.917946686896003561e+00,1.041612543127960755e-02
1.780594707281689226e+00,1.801843579524305475e-02
1.849884430959201520e+00,-4.553225435912449520e-02
1.804333834654310520e+00,6.355326630035167124e-02
1.779565056911126097e+00,-4.900311509203070931e-02
1.756952023211146408e+00,-8.089003069076686203e-02
1.838074987668301352e+00,1.903890356825258673e-02
1.775465156921367305e+00,-4.087040672071699104e-02
1.852894041698919692e+00,1.606457353786940045e-02
1.851059971456967546e+00,-1.201834300550265189e-01
1.867598440537876714e+00,6.962279707415337804e-02
1.752938182718511761e+00,3.361467040202011092e-02
1.814362307052802104e+00,-7.502382745815008858e-02
1.816268063147515877e+00,-7.393885619231428674e-02
1.755604572338156588e+00,8.361329520487638389e-02
1.737418001613677987e+00,-3.686899517489793110e-02
1.855295697092694152e+00,-4.170924243663119008e-02
1.785675899836281388e+00,-1.133026047074641440e-01
1.804251398876601353e+00,-1.753891028007770886e-02
1.727273068437577663e+00,-1.138598074178764213e-02
1.702244877767404185e+00,3.577465483847426519e-02
1.730919279209321537e+00,-6.995392140922378210e-02
1.752475841605739104e+00,-7.601433961203048206e-02
1.707233115705601989e+00,2.254813173882384489e-02
1.761451901349788685e+00,5.033650356135324633e-02
1.676147683615508477e+00,-7.855761755589416029e-02
1.700288478217331534e+00,5.407570431498706642e-02
1.785484293911893339e+00,1.877092074341072704e-03
1.781125792401399011e+00,5.459026695373228599e-02
1.734561256062583379e+00,-3.511018075880828829e-03
1.707931324958050778e+00,-1.261138958743975302e-01
1.709399474419494247e+00,-7.598369115801944206e-03
1.739570813165046026e+00,5.300719093356349998e-02
1.785890867002617233e+00,-4.468730095418571580e-02
1.798231550680012614e+00,-1.939824844537261020e-02
1.730677101782024607e+00,-8.806675177548914726e-03
1.705068056567156098e+00,-1.449756939934241096e-01
1.781681966158129571e+00,8.356737877187381258e-02
1.727172539954601405e+00,-4.506878399485872433e-02
1.738268105513168127e+00,2.528677162363994826e-02
1.827517848933992273e+00,-4.335056807410436579e-03
1.805791342388319620e+00,6.288095281796800273e-02
1.781232123459447259e+00,2.030280612140404617e-02
1.718747967023114720e+00,-1.174621357604873143e-02
1.796249027776548379e+00,-4.467575462596401481e-02
1.835859031332752078e+00,3.989253506910694913e-02
1.760066500745645079e+00,-9.367206519773084439e-02
1.848295744880914748e+00,3.229452101379462481e-02
1.854827419253046061e+00,-5.495223757774363865e-02
1.885306080337565415e+00,6.261418309783199632e-02
1.824378368087111069e+00,8.064977133134755907e-03
1.837618818860187631e+00,3.220618839250543458e-02
1.874604988534025907e+00,4.099440691235968839e-03
1.826390016022662488e+00,-8.761885475704983550e-02
1.787827743452937490e+00,-4.303645816976692240e-02
1.804417562809789821e+00,3.361946688056912519e-02
1.849441349748162100e+00,8.332790867992200326e-03
1.774981096247016721e+00,5.904949526528360804e-02
1.828254546309032058e+00,2.016372815185858702e-02
1.888503137669597320e+00,-4.833509453513298859e-02
1.731405182425897804e+00,-3.980320688603170010e-02
1.932546767375590724e+00,5.145869526161861440e-03
1.925895635942926454e+00,-1.157022033000052741e-01
1.852197282843144999e+00,8.367209428114925907e-02
1.899398864056159209e+00,2.208733681887786390e-02
1.869059663534627935e+00,6.135172985244361638e-02
1.935394060483694112e+00,-7.903019704045845251e-02
1.937569010715955553e+00,6.222825801776278587e-02
1.834921832608520598e+00,1.115749455513874305e-01
1.943339651267221857e+00,-6.604391776886588128e-02
1.902741475447180752e+00,3.857008974518832956e-02
1.912854107170842699e+00,5.549723436465732728e-05
1.874634518019637541e+00,-7.722169241241222393e-02
2.011528360117963210e+00,2.464419859259349074e-02
1.994124074552916071e+00,4.168016024186742274e-02
1.917687505313781404e+00,-3.005632763344234445e-02
1.889719674224522805e+00,5.829582601276114828e-02
1.932690536829326788e+00,-8.333817033945989383e-02
1.973396620490543985e+00,-7.473780732248221093e-02
1.974356514836792309e+00,6.829869779437618312e-03
2.043325321867859312e+00,1.269263898613585961e-03
2.035720054592415007e+00,-3.582867442120526297e-02
2.049678566480469311e+00,4.047972179859429809e-02
2.013804323966349674e+00,2.654471571079746947e-02
1.925450007088888471e+00,4.290695354670080036e-02
1.992769871909663815e+00,-6.156821767613380667e-03
2.072997495125594725e+00,3.012901339891704486e-02
2.035154430793046920e+00,-2.228251515149972870e-02
2.071214666084366662e+00,1.026909345043297839e-01
2.027976035935850074e+00,-4.062728850609929193e-02
1.988304991977709379e+00,1.052648714729156193e-01
2.037970157467841048e+00,1.744397354470428449e-03
2.075051703949183146e+00,-6.877554447843713115e-02
2.045691426838908367e+00,6.840396752443005102e-02
2.078175400538627038e+00,6.295069419747951166e-03
2.043119046062058075e+00,4.255620491901190156e-02
2.141210260323783032e+00,6.119279592712966592e-02
2.071678725487462458e+00,1.689777770725126374e-02
2.171665515401757673e+00,-2.961204224064073118e-02
2.194328190304906112e+00,4.878566888346250879e-02
2.127949695828076582e+00,3.777537272977740483e-05
2.084415586797291997e+00,3.429289093042094810e-02
2.025863733032546410e+00,-1.076865286895730689e-01
2.054960036420583780e+00,2.234908585049259766e-02
2.069116269333169722e+00,-3.192929125725151029e-02
2.224447252939074193e+00,8.266548185892652612e-02
2.177250257574781855e+00,3.115436739445475930e-02
2.196594641225701583e+00,1.199288729246483082e-02
2.062393068074163338e+00,2.431549966751107850e-02
2.109850315003789056e+00,-4.992204264383591494e-02
2.219777378824609126e+00,8.116283452640270235e-02
2.205337190044211582e+00,9.956852092084522710e-02
2.200415168569713309e+00,1.964567552741081774e-02
2.244283778198836288e+00,7.952017842868193409e-02
2.295743673314016409e+00,-2.845740993362669280e-02
2.197982181076174601e+00,-3.985567831124903898e-02
2.214757874096263013e+00,2.046237436446142477e-03
2.233600881314705688e+00,2.174705191839493290e-02
2.360145248411116725e+00,-1.969933406215602228e-02
2.145948342407060672e+00,2.688840951842419100e-02
2.284980959297983727e+00,1.531947410367070356e-02
2.239735697644863688e+00,-4.991533876455275104e-02
2.273090168910925080e+00,2.593965087258606403e-02
2.221223512083438489e+00,4.317641212607606360e-02
2.267005384085782005e+00,8.573465879519548069e-03
2.316785361410145683e+00,5.763240516308462680e-02
2.438845640140176130e+00,-6.087018967484759957e-02
2.318567699980109698e+00,2.339752110659258644e-02
2.232700175894918537e+00,-5.851403531983874473e-02
2.259793191499828158e+00,-5.570406791165437993e-02
2.271624108500089889e+00,-3.154654168688950100e-02
2.216803016906193857e+00,-4.710300917871224763e-02
2.293954813929964143e+00,-2.739979093705689067e-02
2.342928612137221034e+00,-1.070751553555943786e-02
2.237910266201037057e+00,4.185772431656922810e-02
2.356640925113126617e+00,-1.605795193528512452e-02
2.339270334745485069e+00,-7.928128533847964010e-02
2.290111350674445490e+00,5.700339232475801904e-02
2.325078032163519381e+00,-4.185450668075198222e-02
2.409077684411488729e+00,-2.936021355231436310e-03
2.360292560688323160e+00,2.232682534703557542e-02
2.323785474565932319e+00,9.980520920139139898e-03
2.319160366868854961e+00,5.470897737607377520e-02
2.345672424502564191e+00,2.395015716963794575e-02
2.322447020157626607e+00,-4.306547898485540288e-02
2.241051635087095040e+00,1.089281086995830955e-01
2.442585466894195978e+00,9.716673166911661899e-03
2.345679021479314397e+00,-7.367011331075311829e-03
2.362518282833475869e+00,4.819627115277855256e-02
2.348744438126901368e+00,1.247254729650361209e-02
2.321272227033947200e+00,1.996140964696635489e-02
2.348074312765445981e+00,1.246091999300343450e-01
2.271765195578811181e+00,-1.375607141275233397e-02
2.461350151343870696e+00,-1.588804470086979323e-02
2.287679628401842358e+00,5.828925600623190498e-03
2.304669640162421818e+00,5.357579677905193599e-02
2.340197141761037436e+00,-7.532670150951996380e-02
2.426716565956250182e+00,-9.827779457382526673e-02
2.357820845045715874e+00,-2.935576353100738042e-02
2.289952297001177417e+00,-8.169614795296437082e-02
2.413982802106229286e+00,-2.124156737628192515e-02
2.392359535736877429e+00,2.512498480646451274e-02
2.387696778362724981e+00,-4.453744317761318405e-02
2.397003311029291872e+00,-7.134132883906711686e-02
2.476182334423602693e+00,3.466858085767398571e-03
2.459751361878434572e+00,4.312717423075851375e-02
2.313739655182768917e+00,-8.474867192583063202e-02
2.431564787470521960e+00,4.101161991529921058e-02
2.373157727828784314e+00,4.086531018691631073e-02
2.379304850959264694e+00,4.770425510783140449e-02
2.265341401009012934e+00,6.092401074358432672e-02
2.335151114184554011e+00,1.101006962329807992e-01
2.299157170872454525e+00,-1.780460243095275882e-02
2.381488618396339962e+00,5.478579003892905877e-03
2.395767881513730213e+00,-2.082192166240127984e-02
2.238388517791353394e+00,9.884223779053879220e-05
2.336773650806953206e+00,7.664366778181559703e-02
2.387525804351552594e+00,-6.725072419653344014e-02
2.317185398906188798e+00,-4.305248360827877707e-02
2.361589845177894276e+00,6.885904682522807352e-02
2.343344522541115804e+00,5.100182534510449422e-02
2.342080795452340602e+00,-1.815658234085390163e-02
2.307133464752445740e+00,4.272010005603599225e-02
2.253300825954169362e+00,1.706079212460166403e-02
2.252397701963384513e+00,7.501373045004940121e-02
2.341246915700452291e+00,3.725479691338631164e-03
2.306089144959682979e+00,5.128160569362912036e-02
2.296630758233481284e+00,1.321005955246310204e-01
2.277831941214638167e+00,2.990495775237331233e-02
2.277027127080180069e+00,2.466408289742181431e-03
2.338412749685244485e+00,3.612234926104897215e-02
2.265609992036225151e+00,-1.826404291019424406e-02
2.213590482147895777e+00,1.193983852762366127e-01
2.315555951850158944e+00,9.003551884799074548e-03
2.263296465373116462e+00,-1.364666601127564362e-02
2.268143811775559460e+00,-4.178445025100181037e-02
2.340249378763606725e+00,5.486100958032191777e-02
2.254372234270652253e+00,4.335937064138694480e-02
2.267325129178055843e+00,-2.486771857070466107e-02
2.191107844636907220e+00,2.882256725612113504e-02
2.233983415252368321e+00,-7.542779841064282953e-02
2.268242659586412469e+00,9.248528753657813892e-03
2.152836607682421466e+00,2.263781760383472633e-02
2.235528414271423792e+00,8.536649047796114609e-02
2.227397467929701058e+00,-3.854094013643447059e-02
2.221288388455448626e+00,-6.391763144011622377e-02
2.265901709402889264e+00,-4.477139804625208941e-02
2.223414550235361720e+00,-6.682842501574599858e-02
2.273009518932922468e+00,6.683286788794916278e-02
2.143706063726174005e+00,7.743196475120184274e-02
2.196585410946148897e+00,1.601082889744144533e-02
2.190762645552271959e+00,6.106474728425740489e-02
2.128038288663219646e+00,6.697919029011766175e-03
2.222006027160390307e+00,-4.755582385038301108e-03
2.282505706200290696e+00,-1.665188095268808552e-02
2.159113843535182209e+00,-1.551954956887827489e-02
2.181181499620883812e+00,-7.739007781545156894e-02
2.156926503390095284e+00,1.321273818036695392e-02
2.112376425900236665e+00,-2.016695510702187777e-03
2.050035609382899970e+00,3.726803620389378818e-02
2.097727281681016631e+00,4.676174821930485434e-03
2.056560365676343594e+00,-8.135185078454589686e-03
2.206850035766014795e+00,-4.355965150038153960e-02
2.112710103521988181e+00,3.607661841088066236e-03
2.097121106115399591e+00,3.691186154080810383e-02
2.152558111697307819e+00,-5.716694955419304031e-02
2.044124671098260571e+00,4.373687684036962724e-03
2.054579830791099404e+00,1.165214757647419636e-02
2.091265927053531204e+00,-3.590323918091321842e-02
2.136091073205354629e+00,-2.939281524540001203e-02
2.106382646473182962e+00,1.153054243831072231e-02
2.088389260392320868e+00,-5.667105091463114919e-02
2.072562570214477429e+00,1.749618576246962653e-02
2.081186819818476419e+00,-4.476771868296000600e-02
2.065618681772945386e+00,5.314268465166082506e-02
2.000631227997016204e+00,1.168913872694150036e-01
2.051731362360594613e+00,-4.303784008509098369e-02
1.991652702598028402e+00,2.671039311873373359e-02
2.043094110468120395e+00,-3.633709524410096842e-02
2.007705501065072173e+00,5.204770868988947696e-02
2.152557426899320170e+00,-6.326292045426075428e-02
2.019793048905295318e+00,2.402933792138563229e-02
1.949338063405199772e+00,-4.364944834446763539e-02
2.010085972769105833e+00,-1.034922945491843771e-02
2.037905852668303375e+00,-5.155126375736535094e-02
2.088966574344636395e+00,4.111752354478768329e-02
1.969377543126504815e+00,-4.184901772197935355e-02
1.915374351002102848e+00,2.759821296659138029e-02
2.033263062013669131e+00,-1.720490141311664667e-02
1.921888877096155968e+00,-5.723618589943147046e-03
1.966009574280500161e+00,7.387795370006427359e-03
1.969498365568967735e+00,-3.809123358294243950e-02
1.972523145800576749e+00,1.051835567704434600e-02
2.005505048297237636e+00,7.651672821772055599e-02
1.934598300980331143e+00,-3.890473929163571626e-02
1.954573193728188940e+00,5.859050716369224032e-02
1.966340041580897369e+00,7.490488167438921763e-02
1.970813292412413542e+00,-4.080774945140219767e-02
1.962436173985858900e+00,-7.275273025452759501e-02
1.973899051706601737e+00,1.509804500858823520e-02
1.991502302236838329e+00,-2.737037613834365085e-02
1.968977115955124146e+00,9.343016095815012689e-02
1.972631869316668451e+00,1.740377024991610110e-03
1.869244198842384908e+00,-4.010997040175896117e-02
1.946260382433754321e+00,-5.735797555058557567e-02
1.962096408163022776e+00,5.449524795454151888e-02
1.971038346622857595e+00,-2.855919870420932719e-02
1.900047842861444458e+00,2.191439973021412895e-03
1.903819535380702144e+00,4.779013725562404613e-02
1.908805975615171624e+00,-2.421291759654151110e-02
1.961504547005525678e+00,-2.296441437008031952e-03
1.981051536512918432e+00,-8.284204911260038655e-04
1.904672592036473544e+00,3.416622557580459296e-02
1.970039882259128072e+00,2.953721677551629163e-02
1.933904348469525747e+00,-1.100568656274142701e-02
1.924559010297835382e+00,3.182453074825885523e-03
1.919658810058367138e+00,-1.858895057617442059e-02
1.963142753215280756e+00,-7.388062034597224492e-02
1.937174093318013268e+00,1.288004286990646931e-02
2.033383353650606296e+00,9.460958804165339742e-02
1.880400992724615250e+00,-4.418595703455314300e-02
1.953963969729987760e+00,-3.865148548013515317e-02
1.903654589368859895e+00,-4.353638858218707164e-02
1.883797092506418469e+00,3.622958893615612491e-02
1.921590117600746828e+00,2.242427270982200530e-02
1.926557062060389125e+00,-7.926884620822836208e-03
2.068658997810376210e+00,-4.590095308194824808e-02
1.920049990867478629e+00,4.618839581996214694e-03
1.877474088393984442e+00,-7.823110636679021790e-02
1.946940463872622873e+00,7.171328342874661206e-03
1.824788226520395851e+00,4.357621930439670860e-02
1.920331042717626779e+00,-6.255995683168390220e-02
1.927806318308740163e+00,-7.662591384148319251e-02
1.973977556996834304e+00,7.897189458474297707e-02
1.990111384221200597e+00,-3.058798197522924478e-02
1.918165706990221597e+00,5.679739229719110022e-02
1.932070715043910036e+00,-7.699883259891585063e-03
1.896801407278698948e+00,-8.097740847066372746e-03
1.879332983422778991e+00,2.192063497483226486e-02
1.958395163711327047e+00,-4.419994283732203710e-02
1.888375091682896079e+00,6.624857174782276814e-03
1.936062765152557041e+00,-1.907447074120463895e-02
1.904991776318188057e+00,-6.602467217025158319e-02
1.977307206857037203e+00,1.687410373631995433e-02
2.038847723877745377e+00,-1.316539034389580844e-02
1.889987981608934664e+00,-7.851241422235390871e-03
1.872832116102844058e+00,-6.050804717070789457e-02
1.966748234025971875e+00,7.957001838814020678e-02
1.974009328945888209e+00,4.383570931930580450e-02
1.979426573286884761e+00,4.820779420859893499e-02
1.943497077420586860e+00,-1.527223512208410010e-02
1.960528183038928729e+00,-8.645914447517101531e-02
1.999761298926549635e+00,9.764586912447553724e-02
2.043346677121687716e+00,-3.054875400293406793e-03
1.896473540489245879e+00,-3.743998980100268770e-02
1.971947081220665643e+00,2.084007872415569521e-02
1.997074961568416684e+00,5.835603940016487190e-02
1.943227952272991832e+00,-1.152527804273309605e-03
2.086028243946668859e+00,6.392875839696872398e-02
1.979473783693413314e+00,5.414999692584342855e-02
2.014898028357143378e+00,-5.381905937010292296e-02
2.042506769481434503e+00,-3.368950528297381952e-02
1.980324439964822547e+00,4.787685816398837280e-02
1.918101344055215707e+00,-1.356306281905219069e-01
1.998030263299119147e+00,-7.472784658249439008e-03
2.083758228114743538e+00,-7.154156008123359334e-02
2.023851716884898622e+00,-2.382769007167623299e-02
1.998249184704978587e+00,-1.494100445146020854e-02
2.081893031187337151e+00,-1.791221889537539941e-02
2.017495004832653205e+00,-2.761306260563042847e-02
2.015581715190036149e+00,-5.485718248144070414e-02
2.061543303440929620e+00,1.145955633409343061e-01
2.103316586102526919e+00,9.337310020806754984e-02
2.186232419647644587e+00,-5.810329101281415387e-02
2.104114910622545409e+00,7.910583756517836074e-02
2.117392895953928988e+00,-1.997327452364264580e-02
2.038746102397608340e+00,6.459373666585523782e-03
2.024992389368578838e+00,-3.163697994845793456e-03
2.091787483478632748e+00,-3.298743206269829503e-02
2.099009331956698698e+00,4.919261718030733949e-02
2.036566805219621301e+00,6.294326528832890066e-03
2.077139471181357333e+00,-2.382757116096206884e-02
2.107935022683453674e+00,-6.522947219002363239e-02
2.116685336028210518e+00,-4.467975068595602534e-02
2.137158864209092179e+00,-8.206900578010484226e-02
2.133944628660528586e+00,6.111774207584732763e-04
2.092661551619548366e+00,-5.983327961421979618e-02
2.087154236853382638e+00,-1.327802562592706251e-02
2.052492847664113995e+00,6.850509268051854783e-02
2.210198990045651790e+00,5.996497864607928246e-02
2.134946269204625935e+00,-1.613844705130890655e-03
2.132571124464153201e+00,-4.354236307157496530e-03
2.098110694235619800e+00,9.399372747105040615e-02
2.286289773749969001e+00,2.603780601793556290e-02
2.083300638172582708e+00,-1.639032299382614521e-02
2.121466516677786185e+00,-7.130090585602259778e-02
2.176205313466428759e+00,1.969366090823716428e-02
2.196469012888425887e+00,4.146618862914312059e-02
2.217331376323067982e+00,-3.158257622568219625e-02
2.255530922401096205e+00,1.456013775690162548e-02
2.186308473197939861e+00,-1.817866474575145427e-02
2.111417647702366285e+00,-9.201619959950136166e-03
2.162324984382306248e+00,-1.243911028781165690e-01
2.202397341680446541e+00,-1.108907018580677570e-02
2.295517615166827952e+00,4.846846512040271782e-02
2.119204288859827479e+00,-3.157012777832791245e-02
2.244085843351919074e+00,2.626318410765813172e-03
2.193550979045432836e+00,-3.779753533459602466e-02
2.235276037799032611e+00,1.802208381463864598e-02
2.200136674771208778e+00,-1.082615987680868135e-02
2.170010880754112303e+00,-4.696207703410034545e-02
2.248272811340716881e+00,6.662757338325639433e-02
2.237967946801914465e+00,4.644660067661075808e-02
2.252141246486712323e+00,-3.024533819640874005e-02
2.209220757511803246e+00,2.488941547088887110e-02
2.191022499060497175e+00,2.687060014101903815e-02
2.151269933268212586e+00,3.211506175055880291e-02
2.270516296282435675e+00,-8.471279479975389604e-02
2.245501237118888938e+00,5.033032705163140164e-02
2.172469904960533160e+00,-2.848494814628657265e-02
2.197567779982173342e+00,-1.789139667206334633e-02
2.210919493596451346e+00,1.318940876130099971e-01
2.169002887176060490e+00,1.509366903605059013e-02
2.204280351622234235e+00,-1.931612377235877864e-02
2.183946071654196075e+00,-1.102647186377953004e-01
2.215174728565962425e+00,6.948820669731778366e-02
2.200077853448421994e+00,-6.726048354043012711e-02
2.163570022911686763e+00,-5.017194517497517575e-02
2.355008708106313353e+00,-1.656761495439245876e-02
2.319949842964390552e+00,7.082058958501462331e-02
2.214877714942465659e+00,3.866199933328796218e-02
2.261879215012533972e+00,-7.891875492012997637e-03
2.268085800247355177e+00,1.541460318194105145e-02
2.312521002177223561e+00,-3.001928464355528917e-02
2.220459396195921364e+00,6.982684478267541309e-03
2.320496677316623568e+00,3.666837238906834034e-03
2.236186030691888593e+00,4.843849478406767051e-02
2.190994732132653944e+00,4.835890612194748001e-02
2.291075528822611673e+00,2.469886911028223997e-02
2.322899391954981851e+00,-1.811737787730511445e-02
2.395135734065091171e+00,3.709111471950633093e-02
2.210866209849807529e+00,-4.598423310152330822e-03
2.304665348084301346e+00,-5.409571843565665061e-02
2.243625629951487177e+00,-2.016438959554693600e-02
2.298938435160874150e+00,4.226349189216226793e-03
2.187542229741834543e+00,4.551078918323726852e-02
2.203886345111728318e+00,-9.176408607857653582e-03
2.233490392585071316e+00,-6.045993556198030888e-02
2.276138658634455414e+00,2.837084164840970868e-03
2.235014584788143299e+00,5.672802002827619441e-03
2.294701573886736679e+00,9.291881445137652532e-03
2.312393455025818945e+00,4.599357579772150872e-02
2.295337491924013928e+00,5.094616200449492149e-02
2.351277889826964618e+00,-2.971054361908333219e-02
2.291848586781505936e+00,-3.080717290244717327e-02
2.205740631165115762e+00,-5.200993554777365996e-02
2.328869444864972937e+00,3.494078351402381960e-02
2.228034439286288748e+00,7.244100541688577866e-02
2.306391776527440651e+00,-1.575409639544617102e-02
2.343907950195197376e+00,-1.207152823624965676e-02
2.289316186929643671e+00,7.333912784494880932e-02
2.187911258121978175e+00,2.527789266075038468e-02
2.210697434599401490e+00,2.181178524005275565e-02
2.318956285768954739e+00,-5.954582529868634316e-02
2.245249013256601422e+00,3.393640346397094887e-02
2.261152938062985562e+00,-4.645681702548791481e-02
2.296646639250368604e+00,-5.670100929674790763e-02
2.290446174218872422e+00,-1.733857883833560959e-02
2.263490281899143142e+00,-2.928963617243450848e-02
2.234273518183812701e+00,-1.107998471925196633e-02
2.228393621892198695e+00,-7.204908172624593932e-02
2.289359547819204810e+00,4.794081532338362317e-02
2.275706530170068298e+00,5.638431472582144943e-02
2.232705266741909167e+00,-9.736712370704071751e-02
2.293810887122917919e+00,4.892289028332751089e-02
2.227653214388964908e+00,-4.052643149108131615e-02
2.189452970066980697e+00,4.284877684913930562e-02
2.195431665843467162e+00,-3.422324633320782128e-03
2.185852708176402537e+00,1.438778204049929446e-03
2.219243878424156602e+00,-9.254882471060935784e-03
2.289028003552776802e+00,6.060646021167431091e-02
2.180986807809339290e+00,-6.197940062625141577e-02
2.227402572776097323e+00,3.039201693675042809e-02
2.185397603634919417e+00,5.506650824447752168e-02
2.206341819603087728e+00,3.581700402702053115e-02
2.142385533901630890e+00,1.162349457161708788e-01
2.201776695621332713e+00,-2.644733813623494426e-02
2.196738868083090157e+00,4.786524112967656397e-02
2.229173194692001037e+00,-5.304531767071016431e-03
2.212524951895561198e+00,6.167030381763347752e-02
2.142197231171589777e+00,-3.844497860684737453e-04
2.255256283571397624e+00,-1.939378909312347923e-02
2.207003396699301234e+00,6.530361019358145447e-02
2.199948062747351774e+00,-2.457809695094650276e-02
2.184481597196002323e+00,-7.063628794502781194e-02
2.157256940889738850e+00,-2.584234415869142779e-02
2.194362953719510845e+00,3.095164732942662367e-02
2.206542881348640961e+00,6.960193757935456693e-02
2.091479313571930732e+00,5.556468764825605797e-03
2.145542249280965041e+00,6.590985336170127051e-02
2.153998163137025745e+00,-6.790874607387968609e-02
2.176813185176398768e+00,-2.216317324089514540e-02
2.223516340916434686e+00,-1.442875585770505946e-02
2.124881978556077744e+00,-5.727971373625982687e-03
2.135351378857150095e+00,4.204719412509825768e-03
2.128605785525277128e+00,3.454554786960963714e-02
2.107960539438098468e+00,-2.224034190852451631e-02
2.127044349627148279e+00,6.951434347656279891e-03
2.182241784572474863e+00,-2.256144516202582707e-03
2.090906016789154442e+00,-4.629449519455750006e-02
2.162587217658585192e+00,-5.683334454071769723e-03
2.050644075114514298e+00,-7.182976494855906890e-03
2.101233055167473385e+00,-8.254028250152305179e-03
2.108364669709323458e+00,1.587972829072537397e-03
2.207247136796661735e+00,3.783677030669306551e-03
2.109850677825737097e+00,-2.161475895536651287e-02
2.012019543758596374e+00,6.363573669856324722e-02
2.017488967430276059e+00,-5.847403146015083680e-02
2.112715891545877689e+00,-3.604850542349481712e-02
2.136513823676716051e+00,1.389981812111777959e-01
2.122534292982849458e+00,-5.189956774946150042e-02
2.112277298316878049e+00,-6.768773373548793437e-02
2.161416489272761865e+00,3.672383725006089089e-02
2.072730526080829971e+00,-1.038559926886937074e-01
2.138372769939603124e+00,-1.176369549862194691e-02
2.006268030151908022e+00,1.072912462538244266e-01
2.039743485843114712e+00,-7.724679610767003213e-02
1.994632121481501930e+00,-9.909822428693566831e-02
2.071502729217253869e+00,-7.495906009788491642e-02
2.080603924751605049e+00,4.491797841734928437e-02
2.083233254975280335e+00,5.623883599929063032e-02
2.074533677965665124e+00,-2.562943984892544075e-02
2.021326617138299753e+00,3.416062020005344174e-02
2.057805993805342570e+00,6.951276637559948568e-02
1.993407352319238157e+00,8.936732072149128348e-02
2.135515576937738302e+00,-1.231676405899240906e-02
2.047851184026023397e+00,-1.150735858834993491e-01
2.032496729375259381e+00,-4.104394612048434254e-02
2.131829339481028818e+00,-2.134020974676288304e-02
1.989257498115843514e+00,-1.294693982891952956e-02
1.996497088240351658e+00,-9.392970050435975327e-03
1.998469263480036950e+00,5.594472989653346412e-02
2.046979830231391073e+00,6.372142133437906641e-02
2.066266897899912358e+00,-8.583682696239167478e-03
2.076427611015427388e+00,5.492424380259093575e-02
2.166189046039047827e+00,1.788306833155446987e-02
1.926628684040769146e+00,3.225298643128586117e-03
2.071360550329200301e+00,4.532720785549819442e-02
2.011848494547570532e+00,3.612602411895790826e-03
2.005555411439069236e+00,1.028905588548881256e-01
1.998227230737270377e+00,-7.192055833972796353e-02
1.980942725998187992e+00,-2.575854495460088919e-02
2.111832851264787259e+00,-6.325944847697515493e-03
2.072608807485651461e+00,2.197263452289953053e-02
2.032274201951460579e+00,6.339802435515444479e-02
